T,prod_num
1,0.0
2,8.0
3,15.0
4,15.0
5,6.0
6,4.0
7,7.0
8,12.0
9,10.0
10,10.0
11,15.0
12,0.0
13,4.0
14,2.0
15,5.0
16,0.0
17,7.0
18,8.0
19,0.0
20,5.0
21,0.0
22,14.0
23,2.0
24,5.0
25,0.0
26,14.0
27,0.0
28,0.0
29,13.0
30,4.0
31,15.0
32,14.0
33,3.0
34,9.0
35,12.0
36,15.0
37,7.0
38,1.0
39,9.0
40,4.0
41,9.0
42,14.0
43,9.0
44,14.0
45,14.0
46,5.0
47,0.0
48,4.0
49,4.0
50,10.0
51,1.0
52,0.0
53,1.0
54,4.0
55,10.0
56,4.0
57,0.0
58,9.0
59,14.0
60,3.0
61,13.0
62,1.0
63,4.0
64,10.0
65,14.0
66,9.0
67,13.0
68,8.0
69,5.0
70,10.0
71,4.0
72,15.0
73,7.0
74,0.0
75,0.0
76,0.0
77,0.0
78,14.0
79,0.0
80,0.0
81,4.0
82,14.0
83,4.0
84,9.0
85,7.0
86,14.0
87,2.0
88,15.0
89,10.0
90,7.0
91,0.0
92,0.0
93,0.0
94,4.0
95,10.0
96,0.0
97,2.0
98,5.0
99,4.0
100,9.0
101,4.0
102,13.0
103,8.0
104,0.0
105,9.0
106,3.0
107,13.0
108,8.0
109,9.0
110,15.0
111,5.0
112,14.0
113,15.0
114,2.0
115,4.0
116,2.0
117,5.0
118,4.0
119,4.0
120,4.0
121,10.0
122,0.0
123,4.0
124,1.0
125,0.0
126,13.0
127,0.0
128,4.0
129,10.0
130,0.0
131,5.0
132,14.0
133,14.0
134,13.0
135,7.0
136,4.0
137,15.0
138,9.0
139,7.0
140,15.0
141,3.0
142,13.0
143,0.0
144,4.0
145,4.0
146,2.0
147,14.0
148,13.0
149,12.0
150,5.0
151,5.0
152,5.0
153,12.0
154,4.0
155,2.0
156,0.0
157,0.0
158,12.0
159,12.0
160,0.0
161,4.0
162,15.0
163,0.0
164,1.0
165,0.0
166,0.0
167,9.0
168,2.0
169,15.0
170,14.0
171,7.0
172,0.0
173,4.0
174,2.0
175,9.0
176,0.0
177,12.0
178,15.0
179,5.0
180,5.0
181,0.0
182,15.0
183,0.0
184,4.0
185,10.0
186,14.0
187,4.0
188,0.0
189,12.0
190,0.0
191,15.0
192,12.0
193,0.0
194,9.0
195,15.0
196,0.0
197,5.0
198,10.0
199,4.0
200,7.0
201,14.0
202,2.0
203,5.0
204,15.0
205,13.0
206,0.0
207,12.0
208,3.0
209,0.0
210,0.0
211,3.0
212,0.0
213,15.0
214,4.0
215,15.0
216,15.0
217,14.0
218,5.0
219,10.0
220,12.0
221,15.0
222,15.0
223,5.0
224,13.0
225,4.0
226,10.0
227,0.0
228,4.0
229,12.0
230,4.0
231,4.0
232,4.0
233,5.0
234,8.0
235,4.0
236,9.0
237,11.0
238,4.0
239,4.0
240,13.0
241,7.0
242,0.0
243,9.0
244,5.0
245,4.0
246,2.0
247,10.0
248,14.0
249,12.0
250,14.0
251,0.0
252,6.0
253,1.0
254,1.0
255,0.0
256,13.0
257,8.0
258,14.0
259,9.0
260,15.0
261,0.0
262,3.0
263,0.0
264,0.0
265,2.0
266,10.0
267,14.0
268,10.0
269,8.0
270,9.0
271,8.0
272,0.0
273,0.0
274,0.0
275,2.0
276,15.0
277,15.0
278,15.0
279,11.0
280,2.0
281,10.0
282,1.0
283,12.0
284,0.0
285,2.0
286,8.0
287,0.0
288,4.0
289,0.0
290,4.0
291,4.0
292,15.0
293,10.0
294,14.0
295,5.0
296,0.0
297,12.0
298,0.0
299,14.0
300,0.0
301,0.0
302,7.0
303,14.0
304,14.0
305,15.0
306,15.0
307,5.0
308,14.0
309,15.0
310,9.0
311,0.0
312,13.0
313,15.0
314,7.0
315,0.0
316,13.0
317,4.0
318,0.0
319,15.0
320,4.0
321,10.0
322,9.0
323,9.0
324,10.0
325,7.0
326,10.0
327,3.0
328,0.0
329,0.0
330,14.0
331,0.0
332,15.0
333,0.0
334,13.0
335,12.0
336,9.0
337,4.0
338,10.0
339,10.0
340,9.0
341,0.0
342,8.0
343,12.0
344,8.0
345,15.0
346,4.0
347,2.0
348,14.0
349,5.0
350,5.0
351,4.0
352,9.0
353,14.0
354,4.0
355,5.0
356,9.0
357,5.0
358,5.0
359,13.0
360,4.0
361,0.0
362,9.0
363,0.0
364,13.0
365,0.0
366,9.0
367,8.0
368,0.0
369,15.0
370,13.0
371,14.0
372,9.0
373,13.0
374,15.0
375,15.0
376,9.0
377,9.0
378,1.0
379,5.0
380,14.0
381,0.0
382,0.0
383,12.0
384,15.0
385,15.0
386,14.0
387,3.0
388,0.0
389,9.0
390,4.0
391,4.0
392,5.0
393,0.0
394,4.0
395,0.0
396,7.0
397,2.0
398,14.0
399,15.0
400,12.0
401,15.0
402,4.0
403,3.0
404,4.0
405,4.0
406,4.0
407,15.0
408,14.0
409,12.0
410,2.0
411,3.0
412,3.0
413,14.0
414,5.0
415,4.0
416,15.0
417,5.0
418,12.0
419,7.0
420,0.0
421,0.0
422,0.0
423,8.0
424,3.0
425,7.0
426,0.0
427,0.0
428,5.0
429,3.0
430,0.0
431,9.0
432,4.0
433,0.0
434,0.0
435,3.0
436,4.0
437,0.0
438,1.0
439,4.0
440,5.0
441,10.0
442,0.0
443,11.0
444,8.0
445,15.0
446,9.0
447,12.0
448,14.0
449,12.0
450,4.0
451,4.0
452,14.0
453,8.0
454,14.0
455,9.0
456,2.0
457,0.0
458,0.0
459,0.0
460,7.0
461,15.0
462,4.0
463,9.0
464,10.0
465,0.0
466,9.0
467,4.0
468,5.0
469,13.0
470,1.0
471,6.0
472,0.0
473,1.0
474,12.0
475,9.0
476,15.0
477,0.0
478,4.0
479,0.0
480,12.0
481,0.0
482,0.0
483,10.0
484,13.0
485,4.0
486,12.0
487,8.0
488,15.0
489,0.0
490,3.0
491,13.0
492,0.0
493,5.0
494,0.0
495,4.0
496,14.0
497,0.0
498,3.0
499,0.0
500,14.0
501,2.0
502,4.0
503,10.0
504,13.0
505,12.0
506,13.0
507,0.0
508,0.0
509,8.0
510,1.0
511,4.0
512,4.0
513,0.0
514,0.0
515,4.0
516,14.0
517,9.0
518,12.0
519,0.0
520,5.0
521,9.0
522,0.0
523,4.0
524,7.0
525,10.0
526,15.0
527,13.0
528,4.0
529,1.0
530,0.0
531,2.0
532,5.0
533,0.0
534,14.0
535,15.0
536,8.0
537,0.0
538,14.0
539,12.0
540,0.0
541,8.0
542,7.0
543,8.0
544,0.0
545,14.0
546,10.0
547,0.0
548,4.0
549,8.0
550,4.0
551,4.0
552,4.0
553,0.0
554,10.0
555,4.0
556,9.0
557,1.0
558,4.0
559,4.0
560,15.0
561,1.0
562,2.0
563,0.0
564,15.0
565,5.0
566,10.0
567,0.0
568,8.0
569,8.0
570,13.0
571,9.0
572,14.0
573,13.0
574,0.0
575,15.0
576,0.0
577,0.0
578,0.0
579,9.0
580,0.0
581,2.0
582,15.0
583,9.0
584,4.0
585,0.0
586,3.0
587,0.0
588,2.0
589,4.0
590,4.0
591,0.0
592,8.0
593,4.0
594,0.0
595,4.0
596,0.0
597,14.0
598,13.0
599,13.0
600,12.0
601,0.0
602,15.0
603,1.0
604,13.0
605,8.0
606,8.0
607,15.0
608,0.0
609,15.0
610,1.0
611,9.0
612,10.0
613,13.0
614,0.0
615,12.0
616,2.0
617,3.0
618,0.0
619,14.0
620,0.0
621,4.0
622,9.0
623,14.0
624,0.0
625,4.0
626,8.0
627,9.0
628,0.0
629,15.0
630,0.0
631,9.0
632,12.0
633,9.0
634,15.0
635,9.0
636,9.0
637,9.0
638,4.0
639,9.0
640,13.0
641,7.0
642,9.0
643,2.0
644,5.0
645,9.0
646,0.0
647,5.0
648,0.0
649,4.0
650,4.0
651,5.0
652,5.0
653,11.0
654,0.0
655,4.0
656,10.0
657,5.0
658,10.0
659,14.0
660,14.0
661,9.0
662,14.0
663,10.0
664,13.0
665,0.0
666,4.0
667,3.0
668,8.0
669,0.0
670,9.0
671,14.0
672,8.0
673,8.0
674,15.0
675,14.0
676,5.0
677,4.0
678,0.0
679,9.0
680,14.0
681,13.0
682,10.0
683,0.0
684,8.0
685,3.0
686,0.0
687,9.0
688,0.0
689,0.0
690,14.0
691,0.0
692,15.0
693,4.0
694,15.0
695,0.0
696,3.0
697,2.0
698,0.0
699,0.0
700,14.0
701,8.0
702,0.0
703,15.0
704,9.0
705,0.0
706,0.0
707,0.0
708,7.0
709,4.0
710,12.0
711,5.0
712,4.0
713,5.0
714,8.0
715,10.0
716,12.0
717,0.0
718,9.0
719,0.0
720,0.0
721,0.0
722,2.0
723,13.0
724,13.0
725,12.0
726,15.0
727,15.0
728,15.0
729,4.0
730,5.0
731,13.0
732,3.0
733,13.0
734,9.0
735,4.0
736,12.0
737,15.0
738,0.0
739,12.0
740,14.0
741,15.0
742,10.0
743,0.0
744,5.0
745,0.0
746,4.0
747,14.0
748,4.0
749,14.0
750,4.0
751,4.0
752,1.0
753,0.0
754,4.0
755,14.0
756,9.0
757,14.0
758,2.0
759,15.0
760,9.0
761,8.0
762,13.0
763,4.0
764,14.0
765,0.0
766,10.0
767,4.0
768,9.0
769,15.0
770,10.0
771,12.0
772,9.0
773,8.0
774,13.0
775,0.0
776,10.0
777,14.0
778,4.0
779,2.0
780,15.0
781,4.0
782,15.0
783,4.0
784,2.0
785,12.0
786,4.0
787,15.0
788,15.0
789,4.0
790,0.0
791,4.0
792,14.0
793,4.0
794,0.0
795,14.0
796,3.0
797,0.0
798,0.0
799,4.0
800,14.0
801,5.0
802,15.0
803,14.0
804,4.0
805,4.0
806,0.0
807,0.0
808,10.0
809,0.0
810,9.0
811,10.0
812,13.0
813,0.0
814,15.0
815,0.0
816,15.0
817,13.0
818,8.0
819,0.0
820,4.0
821,14.0
822,4.0
823,0.0
824,14.0
825,0.0
826,9.0
827,13.0
828,5.0
829,5.0
830,0.0
831,8.0
832,13.0
833,10.0
834,14.0
835,4.0
836,9.0
837,4.0
838,0.0
839,0.0
840,15.0
841,10.0
842,9.0
843,12.0
844,15.0
845,3.0
846,14.0
847,3.0
848,9.0
849,14.0
850,4.0
851,9.0
852,0.0
853,8.0
854,5.0
855,5.0
856,4.0
857,9.0
858,0.0
859,14.0
860,13.0
861,0.0
862,13.0
863,5.0
864,4.0
865,9.0
866,9.0
867,15.0
868,9.0
869,14.0
870,15.0
871,0.0
872,14.0
873,10.0
874,0.0
875,2.0
876,4.0
877,12.0
878,5.0
879,10.0
880,10.0
881,0.0
882,10.0
883,0.0
884,0.0
885,7.0
886,9.0
887,0.0
888,8.0
889,15.0
890,8.0
891,4.0
892,9.0
893,7.0
894,9.0
895,14.0
896,2.0
897,13.0
898,0.0
899,4.0
900,14.0
901,3.0
902,4.0
903,2.0
904,0.0
905,0.0
906,15.0
907,0.0
908,14.0
909,0.0
910,0.0
911,0.0
912,4.0
913,15.0
914,10.0
915,14.0
916,1.0
917,2.0
918,10.0
919,0.0
920,14.0
921,14.0
922,8.0
923,0.0
924,0.0
925,9.0
926,14.0
927,12.0
928,8.0
929,0.0
930,3.0
931,0.0
932,0.0
933,0.0
934,5.0
935,8.0
936,0.0
937,3.0
938,3.0
939,8.0
940,9.0
941,10.0
942,2.0
943,1.0
944,13.0
945,4.0
946,9.0
947,0.0
948,4.0
949,3.0
950,15.0
951,4.0
952,7.0
953,0.0
954,4.0
955,4.0
956,4.0
957,9.0
958,15.0
959,0.0
960,0.0
961,5.0
962,0.0
963,0.0
964,15.0
965,4.0
966,9.0
967,0.0
968,14.0
969,9.0
970,0.0
971,0.0
972,1.0
973,0.0
974,8.0
975,5.0
976,12.0
977,5.0
978,2.0
979,15.0
980,0.0
981,2.0
982,0.0
983,5.0
984,14.0
985,15.0
986,2.0
987,10.0
988,0.0
989,10.0
990,14.0
991,15.0
992,0.0
993,1.0
994,14.0
995,15.0
996,13.0
997,4.0
998,4.0
999,4.0
1000,1.0
1001,5.0
1002,13.0
1003,4.0
1004,9.0
1005,0.0
1006,0.0
1007,12.0
1008,10.0
1009,8.0
1010,4.0
1011,13.0
1012,4.0
1013,0.0
1014,11.0
1015,13.0
1016,7.0
1017,9.0
1018,15.0
1019,5.0
1020,2.0
1021,9.0
1022,9.0
1023,12.0
1024,10.0
1025,9.0
1026,2.0
1027,11.0
1028,0.0
1029,15.0
1030,0.0
1031,0.0
1032,0.0
1033,9.0
1034,0.0
1035,4.0
1036,15.0
1037,0.0
1038,14.0
1039,4.0
1040,0.0
1041,0.0
1042,9.0
1043,14.0
1044,0.0
1045,5.0
1046,2.0
1047,0.0
1048,15.0
1049,14.0
1050,0.0
1051,7.0
1052,4.0
1053,4.0
1054,14.0
1055,0.0
1056,4.0
1057,8.0
1058,4.0
1059,13.0
1060,14.0
1061,8.0
1062,10.0
1063,2.0
1064,0.0
1065,15.0
1066,0.0
1067,4.0
1068,0.0
1069,12.0
1070,14.0
1071,10.0
1072,1.0
1073,3.0
1074,0.0
1075,10.0
1076,14.0
1077,4.0
1078,4.0
1079,13.0
1080,5.0
1081,0.0
1082,13.0
1083,0.0
1084,0.0
1085,1.0
1086,0.0
1087,4.0
1088,9.0
1089,0.0
1090,15.0
1091,4.0
1092,7.0
1093,10.0
1094,0.0
1095,5.0
1096,0.0
1097,2.0
1098,0.0
1099,0.0
1100,14.0
1101,0.0
1102,13.0
1103,8.0
1104,9.0
1105,13.0
1106,15.0
1107,0.0
1108,9.0
1109,15.0
1110,13.0
1111,7.0
1112,15.0
1113,14.0
1114,4.0
1115,5.0
1116,14.0
1117,4.0
1118,0.0
1119,4.0
1120,5.0
1121,13.0
1122,5.0
1123,14.0
1124,0.0
1125,11.0
1126,0.0
1127,5.0
1128,5.0
1129,15.0
1130,1.0
1131,4.0
1132,4.0
1133,2.0
1134,14.0
1135,0.0
1136,5.0
1137,13.0
1138,4.0
1139,9.0
1140,5.0
1141,0.0
1142,15.0
1143,5.0
1144,0.0
1145,14.0
1146,0.0
1147,10.0
1148,4.0
1149,5.0
1150,0.0
1151,5.0
1152,8.0
1153,9.0
1154,0.0
1155,15.0
1156,15.0
1157,12.0
1158,14.0
1159,5.0
1160,14.0
1161,0.0
1162,3.0
1163,15.0
1164,13.0
1165,0.0
1166,0.0
1167,5.0
1168,1.0
1169,5.0
1170,10.0
1171,0.0
1172,0.0
1173,2.0
1174,4.0
1175,8.0
1176,0.0
1177,4.0
1178,0.0
1179,5.0
1180,14.0
1181,8.0
1182,14.0
1183,4.0
1184,14.0
1185,5.0
1186,15.0
1187,5.0
1188,15.0
1189,4.0
1190,10.0
1191,9.0
1192,0.0
1193,15.0
1194,0.0
1195,0.0
1196,7.0
1197,9.0
1198,14.0
1199,4.0
1200,0.0
1201,8.0
1202,0.0
1203,1.0
1204,0.0
1205,1.0
1206,4.0
1207,4.0
1208,10.0
1209,15.0
1210,9.0
1211,2.0
1212,1.0
1213,7.0
1214,4.0
1215,15.0
1216,5.0
1217,10.0
1218,0.0
1219,0.0
1220,9.0
1221,2.0
1222,1.0
1223,8.0
1224,1.0
1225,0.0
1226,10.0
1227,7.0
1228,5.0
1229,9.0
1230,14.0
1231,0.0
1232,12.0
1233,9.0
1234,15.0
1235,10.0
1236,12.0
1237,0.0
1238,15.0
1239,7.0
1240,4.0
1241,1.0
1242,0.0
1243,14.0
1244,9.0
1245,12.0
1246,5.0
1247,0.0
1248,0.0
1249,15.0
1250,3.0
1251,4.0
1252,2.0
1253,0.0
1254,5.0
1255,2.0
1256,10.0
1257,14.0
1258,0.0
1259,4.0
1260,13.0
1261,0.0
1262,5.0
1263,15.0
1264,8.0
1265,4.0
1266,0.0
1267,8.0
1268,14.0
1269,2.0
1270,8.0
1271,14.0
1272,0.0
1273,7.0
1274,15.0
1275,5.0
1276,13.0
1277,3.0
1278,0.0
1279,14.0
1280,9.0
1281,15.0
1282,9.0
1283,15.0
1284,4.0
1285,0.0
1286,4.0
1287,4.0
1288,2.0
1289,4.0
1290,10.0
1291,12.0
1292,13.0
1293,5.0
1294,15.0
1295,14.0
1296,9.0
1297,4.0
1298,9.0
1299,15.0
1300,7.0
1301,0.0
1302,0.0
1303,3.0
1304,8.0
1305,5.0
1306,5.0
1307,2.0
1308,14.0
1309,10.0
1310,0.0
1311,15.0
1312,13.0
1313,0.0
1314,14.0
1315,0.0
1316,15.0
1317,13.0
1318,15.0
1319,15.0
1320,2.0
1321,7.0
1322,14.0
1323,12.0
1324,5.0
1325,4.0
1326,0.0
1327,0.0
1328,9.0
1329,15.0
1330,9.0
1331,14.0
1332,15.0
1333,4.0
1334,9.0
1335,4.0
1336,0.0
1337,3.0
1338,0.0
1339,0.0
1340,4.0
1341,15.0
1342,12.0
1343,15.0
1344,12.0
1345,15.0
1346,12.0
1347,0.0
1348,4.0
1349,8.0
1350,0.0
1351,2.0
1352,0.0
1353,10.0
1354,0.0
1355,0.0
1356,15.0
1357,7.0
1358,0.0
1359,14.0
1360,14.0
1361,6.0
1362,13.0
1363,4.0
1364,15.0
1365,10.0
1366,14.0
1367,4.0
1368,2.0
1369,12.0
1370,0.0
1371,0.0
1372,0.0
1373,4.0
1374,2.0
1375,0.0
1376,14.0
1377,13.0
1378,9.0
1379,14.0
1380,2.0
1381,9.0
1382,14.0
1383,5.0
1384,0.0
1385,4.0
1386,0.0
1387,14.0
1388,8.0
1389,14.0
1390,13.0
1391,15.0
1392,5.0
1393,8.0
1394,0.0
1395,8.0
1396,0.0
1397,5.0
1398,10.0
1399,12.0
1400,4.0
1401,8.0
1402,0.0
1403,10.0
1404,10.0
1405,0.0
1406,14.0
1407,0.0
1408,14.0
1409,10.0
1410,15.0
1411,2.0
1412,8.0
1413,14.0
1414,8.0
1415,0.0
1416,0.0
1417,2.0
1418,7.0
1419,9.0
1420,9.0
1421,13.0
1422,5.0
1423,2.0
1424,0.0
1425,15.0
1426,5.0
1427,14.0
1428,15.0
1429,0.0
1430,14.0
1431,0.0
1432,14.0
1433,0.0
1434,0.0
1435,0.0
1436,4.0
1437,0.0
1438,0.0
1439,14.0
1440,4.0
1441,9.0
1442,0.0
1443,15.0
1444,0.0
1445,0.0
1446,15.0
1447,0.0
1448,10.0
1449,15.0
1450,14.0
1451,14.0
1452,10.0
1453,13.0
1454,0.0
1455,1.0
1456,14.0
1457,3.0
1458,15.0
1459,15.0
1460,14.0
1461,12.0
1462,4.0
1463,14.0
1464,5.0
1465,8.0
1466,0.0
1467,9.0
1468,0.0
1469,0.0
1470,0.0
1471,14.0
1472,4.0
1473,0.0
1474,0.0
1475,14.0
1476,0.0
1477,13.0
1478,0.0
1479,4.0
1480,4.0
1481,4.0
1482,15.0
1483,13.0
1484,12.0
1485,12.0
1486,4.0
1487,8.0
1488,0.0
1489,15.0
1490,5.0
1491,13.0
1492,7.0
1493,4.0
1494,15.0
1495,6.0
1496,13.0
1497,9.0
1498,0.0
1499,14.0
1500,4.0
1501,1.0
1502,8.0
1503,10.0
1504,8.0
1505,14.0
1506,2.0
1507,10.0
1508,1.0
1509,13.0
1510,5.0
1511,15.0
1512,14.0
1513,4.0
1514,4.0
1515,0.0
1516,0.0
1517,9.0
1518,0.0
1519,14.0
1520,0.0
1521,13.0
1522,4.0
1523,4.0
1524,0.0
1525,9.0
1526,5.0
1527,4.0
1528,12.0
1529,15.0
1530,15.0
1531,4.0
1532,14.0
1533,5.0
1534,3.0
1535,4.0
1536,14.0
1537,4.0
1538,4.0
1539,10.0
1540,15.0
1541,4.0
1542,10.0
1543,0.0
1544,9.0
1545,14.0
1546,12.0
1547,7.0
1548,8.0
1549,3.0
1550,13.0
1551,0.0
1552,13.0
1553,13.0
1554,10.0
1555,0.0
1556,5.0
1557,0.0
1558,10.0
1559,2.0
1560,3.0
1561,15.0
1562,5.0
1563,13.0
1564,7.0
1565,4.0
1566,4.0
1567,0.0
1568,15.0
1569,2.0
1570,0.0
1571,0.0
1572,2.0
1573,14.0
1574,14.0
1575,0.0
1576,3.0
1577,14.0
1578,12.0
1579,4.0
1580,8.0
1581,15.0
1582,14.0
1583,8.0
1584,4.0
1585,4.0
1586,0.0
1587,14.0
1588,0.0
1589,5.0
1590,7.0
1591,15.0
1592,4.0
1593,0.0
1594,13.0
1595,14.0
1596,15.0
1597,4.0
1598,14.0
1599,8.0
1600,14.0
1601,0.0
1602,13.0
1603,4.0
1604,15.0
1605,7.0
1606,9.0
1607,4.0
1608,0.0
1609,12.0
1610,13.0
1611,9.0
1612,0.0
1613,15.0
1614,4.0
1615,3.0
1616,4.0
1617,5.0
1618,4.0
1619,14.0
1620,5.0
1621,8.0
1622,15.0
1623,15.0
1624,0.0
1625,14.0
1626,0.0
1627,14.0
1628,0.0
1629,14.0
1630,15.0
1631,14.0
1632,0.0
1633,2.0
1634,8.0
1635,3.0
1636,4.0
1637,12.0
1638,14.0
1639,13.0
1640,14.0
1641,7.0
1642,11.0
1643,13.0
1644,0.0
1645,15.0
1646,3.0
1647,3.0
1648,10.0
1649,0.0
1650,0.0
1651,2.0
1652,4.0
1653,5.0
1654,0.0
1655,0.0
1656,0.0
1657,15.0
1658,0.0
1659,10.0
1660,8.0
1661,13.0
1662,4.0
1663,15.0
1664,8.0
1665,2.0
1666,2.0
1667,13.0
1668,14.0
1669,4.0
1670,15.0
1671,0.0
1672,14.0
1673,9.0
1674,4.0
1675,15.0
1676,4.0
1677,0.0
1678,9.0
1679,4.0
1680,5.0
1681,4.0
1682,15.0
1683,5.0
1684,8.0
1685,3.0
1686,0.0
1687,0.0
1688,0.0
1689,14.0
1690,14.0
1691,1.0
1692,4.0
1693,15.0
1694,9.0
1695,9.0
1696,4.0
1697,10.0
1698,0.0
1699,4.0
1700,12.0
1701,14.0
1702,8.0
1703,7.0
1704,4.0
1705,10.0
1706,4.0
1707,0.0
1708,13.0
1709,0.0
1710,4.0
1711,10.0
1712,10.0
1713,4.0
1714,15.0
1715,0.0
1716,0.0
1717,0.0
1718,8.0
1719,0.0
1720,0.0
1721,8.0
1722,0.0
1723,9.0
1724,0.0
1725,0.0
1726,0.0
1727,4.0
1728,12.0
1729,10.0
1730,15.0
1731,9.0
1732,0.0
1733,15.0
1734,0.0
1735,4.0
1736,0.0
1737,14.0
1738,0.0
1739,5.0
1740,12.0
1741,12.0
1742,0.0
1743,0.0
1744,8.0
1745,1.0
1746,5.0
1747,9.0
1748,14.0
1749,0.0
1750,8.0
1751,14.0
1752,7.0
1753,0.0
1754,3.0
1755,1.0
1756,8.0
1757,0.0
1758,0.0
1759,14.0
1760,0.0
1761,10.0
1762,5.0
1763,8.0
1764,8.0
1765,7.0
1766,1.0
1767,3.0
1768,9.0
1769,15.0
1770,8.0
1771,13.0
1772,0.0
1773,0.0
1774,14.0
1775,1.0
1776,0.0
1777,14.0
1778,9.0
1779,9.0
1780,8.0
1781,2.0
1782,5.0
1783,14.0
1784,14.0
1785,14.0
1786,4.0
1787,4.0
1788,14.0
1789,4.0
1790,0.0
1791,12.0
1792,4.0
1793,0.0
1794,14.0
1795,5.0
1796,12.0
1797,9.0
1798,4.0
1799,11.0
1800,0.0
1801,4.0
1802,0.0
1803,13.0
1804,14.0
1805,0.0
1806,15.0
1807,4.0
1808,11.0
1809,4.0
1810,9.0
1811,4.0
1812,0.0
1813,0.0
1814,7.0
1815,10.0
1816,14.0
1817,0.0
1818,15.0
1819,10.0
1820,7.0
1821,0.0
1822,0.0
1823,10.0
1824,13.0
1825,1.0
1826,8.0
1827,10.0
1828,4.0
1829,0.0
1830,0.0
1831,10.0
1832,14.0
1833,12.0
1834,12.0
1835,5.0
1836,4.0
1837,15.0
1838,1.0
1839,4.0
1840,0.0
1841,15.0
1842,14.0
1843,1.0
1844,7.0
1845,0.0
1846,0.0
1847,3.0
1848,10.0
1849,1.0
1850,3.0
1851,15.0
1852,15.0
1853,14.0
1854,1.0
1855,0.0
1856,0.0
1857,13.0
1858,9.0
1859,3.0
1860,0.0
1861,0.0
1862,0.0
1863,2.0
1864,0.0
1865,7.0
1866,13.0
1867,1.0
1868,4.0
1869,5.0
1870,2.0
1871,12.0
1872,12.0
1873,4.0
1874,2.0
1875,13.0
1876,14.0
1877,0.0
1878,5.0
1879,10.0
1880,0.0
1881,7.0
1882,1.0
1883,13.0
1884,2.0
1885,0.0
1886,2.0
1887,4.0
1888,5.0
1889,9.0
1890,14.0
1891,15.0
1892,14.0
1893,2.0
1894,4.0
1895,3.0
1896,0.0
1897,7.0
1898,5.0
1899,0.0
1900,9.0
1901,8.0
1902,0.0
1903,13.0
1904,14.0
1905,12.0
1906,0.0
1907,4.0
1908,14.0
1909,15.0
1910,5.0
1911,10.0
1912,4.0
1913,7.0
1914,15.0
1915,8.0
1916,7.0
1917,0.0
1918,5.0
1919,10.0
1920,0.0
1921,9.0
1922,5.0
1923,5.0
1924,8.0
1925,14.0
1926,14.0
1927,13.0
1928,4.0
1929,0.0
1930,7.0
1931,14.0
1932,0.0
1933,0.0
1934,7.0
1935,13.0
1936,2.0
1937,14.0
1938,12.0
1939,0.0
1940,5.0
1941,9.0
1942,0.0
1943,10.0
1944,8.0
1945,13.0
1946,0.0
1947,5.0
1948,3.0
1949,0.0
1950,4.0
1951,2.0
1952,14.0
1953,15.0
1954,0.0
1955,0.0
1956,15.0
1957,8.0
1958,0.0
1959,15.0
1960,10.0
1961,13.0
1962,5.0
1963,9.0
1964,0.0
1965,14.0
1966,0.0
1967,14.0
1968,10.0
1969,7.0
1970,2.0
1971,0.0
1972,0.0
1973,14.0
1974,5.0
1975,11.0
1976,0.0
1977,8.0
1978,0.0
1979,15.0
1980,13.0
1981,0.0
1982,14.0
1983,0.0
1984,13.0
1985,7.0
1986,0.0
1987,5.0
1988,1.0
1989,0.0
1990,4.0
1991,2.0
1992,0.0
1993,5.0
1994,9.0
1995,14.0
1996,14.0
1997,10.0
1998,4.0
1999,4.0
2000,15.0
2001,8.0
2002,15.0
2003,0.0
2004,0.0
2005,4.0
2006,0.0
2007,4.0
2008,9.0
2009,0.0
2010,3.0
2011,4.0
2012,15.0
2013,1.0
2014,5.0
2015,14.0
2016,14.0
2017,0.0
2018,10.0
2019,14.0
2020,2.0
2021,15.0
2022,14.0
2023,0.0
2024,14.0
2025,12.0
2026,13.0
2027,15.0
2028,15.0
2029,0.0
2030,14.0
2031,0.0
2032,8.0
2033,1.0
2034,4.0
2035,8.0
2036,13.0
2037,13.0
2038,3.0
2039,0.0
2040,7.0
2041,8.0
2042,9.0
2043,3.0
2044,0.0
2045,4.0
2046,10.0
2047,0.0
2048,15.0
2049,5.0
2050,9.0
2051,0.0
2052,4.0
2053,15.0
2054,9.0
2055,0.0
2056,3.0
2057,10.0
2058,1.0
2059,0.0
2060,9.0
2061,4.0
2062,0.0
2063,5.0
2064,0.0
2065,14.0
2066,0.0
2067,0.0
2068,15.0
2069,14.0
2070,0.0
2071,14.0
2072,0.0
2073,0.0
2074,9.0
2075,0.0
2076,10.0
2077,0.0
2078,10.0
2079,4.0
2080,4.0
2081,9.0
2082,7.0
2083,9.0
2084,14.0
2085,0.0
2086,13.0
2087,0.0
2088,4.0
2089,15.0
2090,9.0
2091,5.0
2092,5.0
2093,5.0
2094,0.0
2095,0.0
2096,0.0
2097,2.0
2098,0.0
2099,0.0
2100,0.0
2101,11.0
2102,15.0
2103,7.0
2104,2.0
2105,7.0
2106,9.0
2107,9.0
2108,8.0
2109,8.0
2110,0.0
2111,4.0
2112,14.0
2113,10.0
2114,4.0
2115,9.0
2116,0.0
2117,15.0
2118,8.0
2119,9.0
2120,0.0
2121,9.0
2122,4.0
2123,0.0
2124,9.0
2125,3.0
2126,14.0
2127,15.0
2128,12.0
2129,9.0
2130,2.0
2131,10.0
2132,14.0
2133,5.0
2134,0.0
2135,0.0
2136,15.0
2137,4.0
2138,10.0
2139,14.0
2140,4.0
2141,4.0
2142,8.0
2143,0.0
2144,4.0
2145,4.0
2146,14.0
2147,7.0
2148,9.0
2149,4.0
2150,15.0
2151,14.0
2152,9.0
2153,2.0
2154,0.0
2155,3.0
2156,14.0
2157,10.0
2158,15.0
2159,10.0
2160,8.0
2161,15.0
2162,15.0
2163,9.0
2164,14.0
2165,14.0
2166,0.0
2167,14.0
2168,14.0
2169,14.0
2170,4.0
2171,5.0
2172,4.0
2173,0.0
2174,2.0
2175,10.0
2176,10.0
2177,4.0
2178,12.0
2179,9.0
2180,2.0
2181,5.0
2182,4.0
2183,13.0
2184,13.0
2185,14.0
2186,0.0
2187,9.0
2188,0.0
2189,14.0
2190,3.0
2191,3.0
2192,14.0
2193,0.0
2194,0.0
2195,13.0
2196,10.0
2197,9.0
2198,11.0
2199,1.0
2200,15.0
2201,4.0
2202,0.0
2203,8.0
2204,4.0
2205,13.0
2206,8.0
2207,10.0
2208,0.0
2209,0.0
2210,0.0
2211,8.0
2212,4.0
2213,13.0
2214,0.0
2215,5.0
2216,2.0
2217,9.0
2218,0.0
2219,4.0
2220,0.0
2221,0.0
2222,0.0
2223,2.0
2224,0.0
2225,12.0
2226,10.0
2227,13.0
2228,6.0
2229,14.0
2230,8.0
2231,5.0
2232,4.0
2233,13.0
2234,2.0
2235,8.0
2236,0.0
2237,4.0
2238,0.0
2239,9.0
2240,4.0
2241,0.0
2242,10.0
2243,7.0
2244,14.0
2245,4.0
2246,4.0
2247,15.0
2248,4.0
2249,4.0
2250,15.0
2251,0.0
2252,15.0
2253,14.0
2254,4.0
2255,0.0
2256,5.0
2257,14.0
2258,4.0
2259,5.0
2260,13.0
2261,9.0
2262,3.0
2263,3.0
2264,5.0
2265,5.0
2266,14.0
2267,14.0
2268,10.0
2269,14.0
2270,2.0
2271,5.0
2272,0.0
2273,5.0
2274,4.0
2275,0.0
2276,9.0
2277,7.0
2278,0.0
2279,0.0
2280,4.0
2281,9.0
2282,10.0
2283,14.0
2284,0.0
2285,5.0
2286,15.0
2287,0.0
2288,0.0
2289,1.0
2290,0.0
2291,14.0
2292,8.0
2293,4.0
2294,14.0
2295,8.0
2296,15.0
2297,14.0
2298,9.0
2299,4.0
2300,4.0
2301,0.0
2302,12.0
2303,0.0
2304,4.0
2305,2.0
2306,8.0
2307,14.0
2308,9.0
2309,3.0
2310,0.0
2311,9.0
2312,5.0
2313,0.0
2314,0.0
2315,0.0
2316,8.0
2317,7.0
2318,9.0
2319,14.0
2320,10.0
2321,13.0
2322,0.0
2323,10.0
2324,9.0
2325,4.0
2326,10.0
2327,9.0
2328,13.0
2329,0.0
2330,15.0
2331,14.0
2332,0.0
2333,14.0
2334,0.0
2335,3.0
2336,1.0
2337,13.0
2338,3.0
2339,15.0
2340,5.0
2341,5.0
2342,14.0
2343,2.0
2344,0.0
2345,7.0
2346,0.0
2347,15.0
2348,0.0
2349,5.0
2350,4.0
2351,0.0
2352,9.0
2353,5.0
2354,9.0
2355,14.0
2356,4.0
2357,14.0
2358,14.0
2359,15.0
2360,0.0
2361,10.0
2362,8.0
2363,10.0
2364,15.0
2365,14.0
2366,7.0
2367,0.0
2368,4.0
2369,14.0
2370,4.0
2371,14.0
2372,10.0
2373,5.0
2374,4.0
2375,7.0
2376,0.0
2377,5.0
2378,8.0
2379,9.0
2380,3.0
2381,7.0
2382,9.0
2383,3.0
2384,5.0
2385,15.0
2386,4.0
2387,9.0
2388,13.0
2389,14.0
2390,0.0
2391,0.0
2392,9.0
2393,0.0
2394,14.0
2395,8.0
2396,0.0
2397,13.0
2398,11.0
2399,8.0
2400,0.0
2401,15.0
2402,11.0
2403,0.0
2404,4.0
2405,9.0
2406,10.0
2407,15.0
2408,4.0
2409,8.0
2410,4.0
2411,14.0
2412,15.0
2413,0.0
2414,7.0
2415,14.0
2416,5.0
2417,12.0
2418,14.0
2419,14.0
2420,10.0
2421,9.0
2422,0.0
2423,3.0
2424,0.0
2425,14.0
2426,0.0
2427,9.0
2428,9.0
2429,0.0
2430,2.0
2431,9.0
2432,15.0
2433,4.0
2434,15.0
2435,9.0
2436,5.0
2437,15.0
2438,0.0
2439,14.0
2440,9.0
2441,0.0
2442,0.0
2443,9.0
2444,15.0
2445,5.0
2446,0.0
2447,10.0
2448,15.0
2449,12.0
2450,13.0
2451,0.0
2452,4.0
2453,9.0
2454,2.0
2455,8.0
2456,15.0
2457,3.0
2458,5.0
2459,0.0
2460,8.0
2461,0.0
2462,13.0
2463,7.0
2464,5.0
2465,14.0
2466,14.0
2467,14.0
2468,7.0
2469,3.0
2470,8.0
2471,9.0
2472,13.0
2473,13.0
2474,3.0
2475,4.0
2476,4.0
2477,15.0
2478,3.0
2479,4.0
2480,5.0
2481,14.0
2482,8.0
2483,1.0
2484,0.0
2485,5.0
2486,4.0
2487,12.0
2488,12.0
2489,4.0
2490,5.0
2491,4.0
2492,5.0
2493,0.0
2494,15.0
2495,4.0
2496,15.0
2497,0.0
2498,15.0
2499,9.0
2500,14.0
2501,0.0
2502,15.0
2503,10.0
2504,14.0
2505,8.0
2506,4.0
2507,15.0
2508,14.0
2509,4.0
2510,8.0
2511,9.0
2512,0.0
2513,13.0
2514,14.0
2515,13.0
2516,9.0
2517,5.0
2518,15.0
2519,14.0
2520,0.0
2521,0.0
2522,13.0
2523,5.0
2524,14.0
2525,4.0
2526,12.0
2527,4.0
2528,3.0
2529,5.0
2530,0.0
2531,6.0
2532,14.0
2533,10.0
2534,5.0
2535,9.0
2536,3.0
2537,0.0
2538,5.0
2539,0.0
2540,4.0
2541,9.0
2542,14.0
2543,0.0
2544,0.0
2545,5.0
2546,0.0
2547,0.0
2548,7.0
2549,10.0
2550,9.0
2551,9.0
2552,0.0
2553,10.0
2554,9.0
2555,14.0
2556,10.0
2557,9.0
2558,10.0
2559,4.0
2560,4.0
2561,9.0
2562,10.0
2563,4.0
2564,12.0
2565,0.0
2566,12.0
2567,0.0
2568,2.0
2569,9.0
2570,12.0
2571,4.0
2572,13.0
2573,15.0
2574,15.0
2575,5.0
2576,0.0
2577,5.0
2578,15.0
2579,10.0
2580,13.0
2581,14.0
2582,5.0
2583,5.0
2584,0.0
2585,5.0
2586,0.0
2587,1.0
2588,0.0
2589,0.0
2590,15.0
2591,0.0
2592,5.0
2593,15.0
2594,0.0
2595,8.0
2596,1.0
2597,4.0
2598,0.0
2599,15.0
2600,4.0
2601,13.0
2602,1.0
2603,4.0
2604,0.0
2605,13.0
2606,4.0
2607,9.0
2608,0.0
2609,9.0
2610,5.0
2611,0.0
2612,10.0
2613,7.0
2614,4.0
2615,0.0
2616,4.0
2617,5.0
2618,14.0
2619,13.0
2620,8.0
2621,0.0
2622,12.0
2623,4.0
2624,0.0
2625,8.0
2626,0.0
2627,1.0
2628,14.0
2629,10.0
2630,10.0
2631,10.0
2632,14.0
2633,4.0
2634,7.0
2635,15.0
2636,4.0
2637,9.0
2638,0.0
2639,15.0
2640,5.0
2641,14.0
2642,0.0
2643,0.0
2644,1.0
2645,11.0
2646,0.0
2647,3.0
2648,0.0
2649,15.0
2650,13.0
2651,9.0
2652,0.0
2653,12.0
2654,15.0
2655,0.0
2656,8.0
2657,10.0
2658,8.0
2659,3.0
2660,0.0
2661,0.0
2662,14.0
2663,8.0
2664,0.0
2665,9.0
2666,13.0
2667,14.0
2668,8.0
2669,4.0
2670,5.0
2671,0.0
2672,4.0
2673,0.0
2674,4.0
2675,8.0
2676,9.0
2677,14.0
2678,14.0
2679,14.0
2680,7.0
2681,4.0
2682,14.0
2683,13.0
2684,14.0
2685,4.0
2686,4.0
2687,4.0
2688,12.0
2689,10.0
2690,10.0
2691,4.0
2692,2.0
2693,8.0
2694,7.0
2695,5.0
2696,0.0
2697,4.0
2698,0.0
2699,14.0
2700,0.0
2701,7.0
2702,0.0
2703,8.0
2704,4.0
2705,5.0
2706,13.0
2707,4.0
2708,14.0
2709,9.0
2710,13.0
2711,4.0
2712,0.0
2713,0.0
2714,12.0
2715,8.0
2716,14.0
2717,4.0
2718,4.0
2719,14.0
2720,13.0
2721,15.0
2722,0.0
2723,2.0
2724,15.0
2725,0.0
2726,14.0
2727,13.0
2728,8.0
2729,0.0
2730,14.0
2731,5.0
2732,3.0
2733,2.0
2734,1.0
2735,15.0
2736,9.0
2737,4.0
2738,14.0
2739,4.0
2740,4.0
2741,0.0
2742,5.0
2743,4.0
2744,1.0
2745,14.0
2746,4.0
2747,0.0
2748,14.0
2749,4.0
2750,0.0
2751,4.0
2752,4.0
2753,12.0
2754,0.0
2755,13.0
2756,14.0
2757,15.0
2758,13.0
2759,5.0
2760,0.0
2761,8.0
2762,15.0
2763,8.0
2764,13.0
2765,15.0
2766,8.0
2767,1.0
2768,0.0
2769,1.0
2770,10.0
2771,3.0
2772,12.0
2773,7.0
2774,15.0
2775,0.0
2776,7.0
2777,1.0
2778,14.0
2779,15.0
2780,10.0
2781,4.0
2782,1.0
2783,3.0
2784,15.0
2785,2.0
2786,13.0
2787,14.0
2788,14.0
2789,14.0
2790,9.0
2791,8.0
2792,11.0
2793,14.0
2794,14.0
2795,4.0
2796,1.0
2797,0.0
2798,9.0
2799,14.0
2800,1.0
2801,0.0
2802,0.0
2803,14.0
2804,2.0
2805,12.0
2806,9.0
2807,2.0
2808,2.0
2809,0.0
2810,4.0
2811,0.0
2812,1.0
2813,3.0
2814,0.0
2815,0.0
2816,4.0
2817,5.0
2818,2.0
2819,0.0
2820,0.0
2821,0.0
2822,13.0
2823,5.0
2824,10.0
2825,0.0
2826,14.0
2827,0.0
2828,5.0
2829,4.0
2830,10.0
2831,10.0
2832,3.0
2833,0.0
2834,15.0
2835,4.0
2836,11.0
2837,9.0
2838,10.0
2839,8.0
2840,7.0
2841,9.0
2842,1.0
2843,0.0
2844,0.0
2845,14.0
2846,14.0
2847,2.0
2848,0.0
2849,8.0
2850,9.0
2851,5.0
2852,0.0
2853,0.0
2854,5.0
2855,2.0
2856,13.0
2857,8.0
2858,5.0
2859,12.0
2860,0.0
2861,2.0
2862,14.0
2863,0.0
2864,0.0
2865,4.0
2866,13.0
2867,14.0
2868,0.0
2869,0.0
2870,13.0
2871,5.0
2872,0.0
2873,0.0
2874,4.0
2875,0.0
2876,9.0
2877,4.0
2878,5.0
2879,14.0
2880,5.0
2881,0.0
2882,12.0
2883,14.0
2884,14.0
2885,4.0
2886,7.0
2887,8.0
2888,9.0
2889,8.0
2890,0.0
2891,12.0
2892,9.0
2893,0.0
2894,3.0
2895,0.0
2896,14.0
2897,4.0
2898,15.0
2899,10.0
2900,14.0
2901,0.0
2902,13.0
2903,3.0
2904,9.0
2905,4.0
2906,15.0
2907,3.0
2908,0.0
2909,14.0
2910,8.0
2911,4.0
2912,4.0
2913,0.0
2914,14.0
2915,4.0
2916,3.0
2917,15.0
2918,0.0
2919,4.0
2920,4.0
2921,2.0
2922,8.0
2923,8.0
2924,4.0
2925,0.0
2926,7.0
2927,0.0
2928,8.0
2929,15.0
2930,2.0
2931,5.0
2932,13.0
2933,14.0
2934,2.0
2935,1.0
2936,15.0
2937,4.0
2938,5.0
2939,15.0
2940,2.0
2941,15.0
2942,4.0
2943,0.0
2944,15.0
2945,4.0
2946,0.0
2947,8.0
2948,0.0
2949,14.0
2950,8.0
2951,5.0
2952,5.0
2953,8.0
2954,14.0
2955,10.0
2956,0.0
2957,13.0
2958,4.0
2959,7.0
2960,10.0
2961,1.0
2962,4.0
2963,5.0
2964,0.0
2965,9.0
2966,0.0
2967,15.0
2968,2.0
2969,9.0
2970,10.0
2971,1.0
2972,13.0
2973,15.0
2974,4.0
2975,0.0
2976,4.0
2977,15.0
2978,15.0
2979,2.0
2980,0.0
2981,12.0
2982,0.0
2983,15.0
2984,0.0
2985,2.0
2986,13.0
2987,10.0
2988,0.0
2989,5.0
2990,14.0
2991,15.0
2992,0.0
2993,0.0
2994,5.0
2995,0.0
2996,2.0
2997,9.0
2998,0.0
2999,14.0
3000,12.0
3001,0.0
3002,15.0
3003,0.0
3004,5.0
3005,0.0
3006,0.0
3007,15.0
3008,8.0
3009,0.0
3010,14.0
3011,15.0
3012,5.0
3013,0.0
3014,13.0
3015,9.0
3016,0.0
3017,13.0
3018,15.0
3019,0.0
3020,13.0
3021,9.0
3022,13.0
3023,5.0
3024,1.0
3025,9.0
3026,0.0
3027,0.0
3028,14.0
3029,14.0
3030,5.0
3031,0.0
3032,0.0
3033,0.0
3034,13.0
3035,14.0
3036,14.0
3037,4.0
3038,4.0
3039,2.0
3040,10.0
3041,14.0
3042,1.0
3043,15.0
3044,14.0
3045,4.0
3046,1.0
3047,14.0
3048,1.0
3049,0.0
3050,8.0
3051,7.0
3052,0.0
3053,12.0
3054,4.0
3055,8.0
3056,4.0
3057,3.0
3058,0.0
3059,15.0
3060,15.0
3061,11.0
3062,12.0
3063,15.0
3064,4.0
3065,7.0
3066,15.0
3067,0.0
3068,9.0
3069,8.0
3070,9.0
3071,0.0
3072,14.0
3073,9.0
3074,3.0
3075,14.0
3076,10.0
3077,9.0
3078,10.0
3079,2.0
3080,4.0
3081,8.0
3082,14.0
3083,0.0
3084,12.0
3085,7.0
3086,2.0
3087,14.0
3088,8.0
3089,15.0
3090,15.0
3091,13.0
3092,0.0
3093,4.0
3094,0.0
3095,14.0
3096,0.0
3097,9.0
3098,0.0
3099,0.0
3100,3.0
3101,4.0
3102,9.0
3103,15.0
3104,1.0
3105,0.0
3106,0.0
3107,0.0
3108,12.0
3109,15.0
3110,15.0
3111,0.0
3112,13.0
3113,14.0
3114,13.0
3115,12.0
3116,10.0
3117,0.0
3118,4.0
3119,5.0
3120,15.0
3121,0.0
3122,9.0
3123,0.0
3124,8.0
3125,15.0
3126,4.0
3127,15.0
3128,5.0
3129,2.0
3130,0.0
3131,0.0
3132,15.0
3133,10.0
3134,9.0
3135,9.0
3136,13.0
3137,13.0
3138,12.0
3139,0.0
3140,14.0
3141,0.0
3142,5.0
3143,0.0
3144,14.0
3145,14.0
3146,5.0
3147,10.0
3148,2.0
3149,0.0
3150,4.0
3151,9.0
3152,4.0
3153,5.0
3154,0.0
3155,4.0
3156,2.0
3157,5.0
3158,8.0
3159,9.0
3160,15.0
3161,0.0
3162,9.0
3163,10.0
3164,4.0
3165,14.0
3166,4.0
3167,5.0
3168,5.0
3169,4.0
3170,15.0
3171,0.0
3172,2.0
3173,9.0
3174,0.0
3175,12.0
3176,10.0
3177,9.0
3178,4.0
3179,10.0
3180,4.0
3181,10.0
3182,13.0
3183,0.0
3184,10.0
3185,13.0
3186,12.0
3187,0.0
3188,13.0
3189,4.0
3190,13.0
3191,4.0
3192,13.0
3193,4.0
3194,0.0
3195,4.0
3196,8.0
3197,0.0
3198,2.0
3199,3.0
3200,15.0
3201,9.0
3202,9.0
3203,7.0
3204,15.0
3205,3.0
3206,4.0
3207,0.0
3208,4.0
3209,15.0
3210,0.0
3211,4.0
3212,2.0
3213,0.0
3214,0.0
3215,3.0
3216,5.0
3217,14.0
3218,0.0
3219,4.0
3220,12.0
3221,15.0
3222,14.0
3223,10.0
3224,13.0
3225,10.0
3226,14.0
3227,13.0
3228,9.0
3229,4.0
3230,0.0
3231,0.0
3232,0.0
3233,0.0
3234,15.0
3235,4.0
3236,4.0
3237,5.0
3238,0.0
3239,0.0
3240,2.0
3241,4.0
3242,8.0
3243,4.0
3244,9.0
3245,15.0
3246,13.0
3247,0.0
3248,2.0
3249,13.0
3250,5.0
3251,3.0
3252,8.0
3253,4.0
3254,9.0
3255,0.0
3256,3.0
3257,5.0
3258,15.0
3259,5.0
3260,0.0
3261,12.0
3262,0.0
3263,4.0
3264,1.0
3265,0.0
3266,14.0
3267,5.0
3268,9.0
3269,5.0
3270,0.0
3271,1.0
3272,4.0
3273,0.0
3274,10.0
3275,10.0
3276,13.0
3277,14.0
3278,8.0
3279,7.0
3280,0.0
3281,0.0
3282,2.0
3283,0.0
3284,12.0
3285,4.0
3286,14.0
3287,4.0
3288,4.0
3289,0.0
3290,3.0
3291,0.0
3292,13.0
3293,14.0
3294,14.0
3295,9.0
3296,4.0
3297,1.0
3298,0.0
3299,15.0
3300,5.0
3301,0.0
3302,15.0
3303,10.0
3304,10.0
3305,15.0
3306,13.0
3307,5.0
3308,4.0
3309,8.0
3310,0.0
3311,3.0
3312,14.0
3313,0.0
3314,10.0
3315,4.0
3316,0.0
3317,1.0
3318,9.0
3319,8.0
3320,4.0
3321,7.0
3322,11.0
3323,0.0
3324,0.0
3325,0.0
3326,0.0
3327,14.0
3328,10.0
3329,5.0
3330,14.0
3331,0.0
3332,0.0
3333,0.0
3334,0.0
3335,10.0
3336,8.0
3337,14.0
3338,0.0
3339,4.0
3340,2.0
3341,0.0
3342,9.0
3343,7.0
3344,9.0
3345,5.0
3346,14.0
3347,14.0
3348,0.0
3349,14.0
3350,0.0
3351,8.0
3352,0.0
3353,9.0
3354,4.0
3355,4.0
3356,8.0
3357,12.0
3358,0.0
3359,15.0
3360,0.0
3361,12.0
3362,9.0
3363,5.0
3364,8.0
3365,14.0
3366,10.0
3367,7.0
3368,4.0
3369,8.0
3370,0.0
3371,12.0
3372,14.0
3373,2.0
3374,5.0
3375,9.0
3376,13.0
3377,13.0
3378,13.0
3379,3.0
3380,0.0
3381,8.0
3382,1.0
3383,0.0
3384,7.0
3385,9.0
3386,10.0
3387,4.0
3388,9.0
3389,1.0
3390,10.0
3391,15.0
3392,4.0
3393,13.0
3394,13.0
3395,3.0
3396,1.0
3397,15.0
3398,15.0
3399,2.0
3400,5.0
3401,10.0
3402,4.0
3403,13.0
3404,8.0
3405,0.0
3406,14.0
3407,9.0
3408,14.0
3409,9.0
3410,5.0
3411,0.0
3412,5.0
3413,0.0
3414,2.0
3415,11.0
3416,13.0
3417,12.0
3418,15.0
3419,10.0
3420,9.0
3421,8.0
3422,11.0
3423,0.0
3424,13.0
3425,4.0
3426,0.0
3427,4.0
3428,5.0
3429,0.0
3430,15.0
3431,0.0
3432,13.0
3433,14.0
3434,2.0
3435,3.0
3436,15.0
3437,1.0
3438,0.0
3439,6.0
3440,14.0
3441,12.0
3442,0.0
3443,4.0
3444,0.0
3445,4.0
3446,0.0
3447,15.0
3448,2.0
3449,0.0
3450,4.0
3451,8.0
3452,9.0
3453,3.0
3454,5.0
3455,14.0
3456,0.0
3457,14.0
3458,10.0
3459,14.0
3460,0.0
3461,2.0
3462,0.0
3463,0.0
3464,5.0
3465,5.0
3466,9.0
3467,0.0
3468,9.0
3469,0.0
3470,9.0
3471,14.0
3472,12.0
3473,8.0
3474,5.0
3475,2.0
3476,9.0
3477,4.0
3478,0.0
3479,0.0
3480,0.0
3481,0.0
3482,4.0
3483,10.0
3484,14.0
3485,8.0
3486,8.0
3487,5.0
3488,8.0
3489,5.0
3490,12.0
3491,10.0
3492,10.0
3493,14.0
3494,7.0
3495,15.0
3496,0.0
3497,14.0
3498,5.0
3499,4.0
3500,4.0
3501,2.0
3502,0.0
3503,7.0
3504,5.0
3505,0.0
3506,15.0
3507,12.0
3508,0.0
3509,9.0
3510,0.0
3511,0.0
3512,7.0
3513,0.0
3514,4.0
3515,0.0
3516,0.0
3517,12.0
3518,9.0
3519,0.0
3520,3.0
3521,14.0
3522,0.0
3523,14.0
3524,5.0
3525,0.0
3526,2.0
3527,9.0
3528,1.0
3529,8.0
3530,0.0
3531,10.0
3532,7.0
3533,12.0
3534,8.0
3535,3.0
3536,0.0
3537,9.0
3538,0.0
3539,4.0
3540,15.0
3541,13.0
3542,5.0
3543,4.0
3544,14.0
3545,0.0
3546,15.0
3547,15.0
3548,10.0
3549,8.0
3550,1.0
3551,13.0
3552,0.0
3553,0.0
3554,5.0
3555,4.0
3556,15.0
3557,15.0
3558,15.0
3559,4.0
3560,0.0
3561,9.0
3562,12.0
3563,5.0
3564,9.0
3565,14.0
3566,14.0
3567,4.0
3568,3.0
3569,4.0
3570,4.0
3571,4.0
3572,15.0
3573,0.0
3574,4.0
3575,4.0
3576,0.0
3577,13.0
3578,12.0
3579,8.0
3580,0.0
3581,4.0
3582,15.0
3583,2.0
3584,4.0
3585,0.0
3586,4.0
3587,5.0
3588,5.0
3589,9.0
3590,5.0
3591,9.0
3592,0.0
3593,6.0
3594,15.0
3595,5.0
3596,4.0
3597,4.0
3598,4.0
3599,5.0
3600,4.0
3601,0.0
3602,10.0
3603,7.0
3604,12.0
3605,0.0
3606,0.0
3607,0.0
3608,0.0
3609,7.0
3610,0.0
3611,0.0
3612,9.0
3613,14.0
3614,7.0
3615,0.0
3616,1.0
3617,0.0
3618,0.0
3619,0.0
3620,0.0
3621,1.0
3622,10.0
3623,0.0
3624,0.0
3625,4.0
3626,14.0
3627,8.0
3628,4.0
3629,0.0
3630,2.0
3631,0.0
3632,5.0
3633,0.0
3634,12.0
3635,10.0
3636,0.0
3637,4.0
3638,3.0
3639,5.0
3640,0.0
3641,2.0
3642,0.0
3643,14.0
3644,8.0
3645,0.0
3646,0.0
3647,1.0
3648,11.0
3649,9.0
3650,12.0
3651,9.0
3652,14.0
3653,1.0
3654,4.0
3655,14.0
3656,0.0
3657,15.0
3658,9.0
3659,3.0
3660,10.0
3661,8.0
3662,5.0
3663,0.0
3664,0.0
3665,0.0
3666,0.0
3667,15.0
3668,10.0
3669,4.0
3670,15.0
3671,0.0
3672,12.0
3673,15.0
3674,3.0
3675,10.0
3676,8.0
3677,0.0
3678,5.0
3679,14.0
3680,0.0
3681,2.0
3682,0.0
3683,7.0
3684,14.0
3685,4.0
3686,14.0
3687,10.0
3688,7.0
3689,0.0
3690,10.0
3691,14.0
3692,13.0
3693,2.0
3694,0.0
3695,4.0
3696,0.0
3697,15.0
3698,13.0
3699,1.0
3700,14.0
3701,10.0
3702,10.0
3703,13.0
3704,5.0
3705,13.0
3706,1.0
3707,15.0
3708,13.0
3709,4.0
3710,9.0
3711,15.0
3712,4.0
3713,0.0
3714,0.0
3715,0.0
3716,0.0
3717,0.0
3718,4.0
3719,0.0
3720,0.0
3721,4.0
3722,9.0
3723,4.0
3724,5.0
3725,0.0
3726,0.0
3727,14.0
3728,1.0
3729,11.0
3730,8.0
3731,0.0
3732,5.0
3733,2.0
3734,13.0
3735,9.0
3736,0.0
3737,4.0
3738,0.0
3739,0.0
3740,4.0
3741,4.0
3742,14.0
3743,12.0
3744,2.0
3745,9.0
3746,14.0
3747,5.0
3748,2.0
3749,12.0
3750,0.0
3751,10.0
3752,0.0
3753,8.0
3754,0.0
3755,10.0
3756,0.0
3757,14.0
3758,0.0
3759,9.0
3760,14.0
3761,0.0
3762,13.0
3763,15.0
3764,15.0
3765,0.0
3766,14.0
3767,12.0
3768,0.0
3769,5.0
3770,15.0
3771,8.0
3772,13.0
3773,4.0
3774,0.0
3775,0.0
3776,15.0
3777,5.0
3778,0.0
3779,0.0
3780,10.0
3781,15.0
3782,3.0
3783,13.0
3784,0.0
3785,15.0
3786,0.0
3787,10.0
3788,9.0
3789,5.0
3790,13.0
3791,9.0
3792,2.0
3793,10.0
3794,0.0
3795,0.0
3796,4.0
3797,4.0
3798,4.0
3799,10.0
3800,15.0
3801,15.0
3802,0.0
3803,4.0
3804,14.0
3805,15.0
3806,14.0
3807,9.0
3808,15.0
3809,14.0
3810,8.0
3811,9.0
3812,15.0
3813,15.0
3814,9.0
3815,0.0
3816,0.0
3817,10.0
3818,7.0
3819,5.0
3820,14.0
3821,0.0
3822,12.0
3823,7.0
3824,0.0
3825,14.0
3826,13.0
3827,4.0
3828,5.0
3829,4.0
3830,12.0
3831,5.0
3832,7.0
3833,8.0
3834,9.0
3835,5.0
3836,0.0
3837,4.0
3838,0.0
3839,15.0
3840,15.0
3841,12.0
3842,4.0
3843,14.0
3844,13.0
3845,15.0
3846,14.0
3847,5.0
3848,2.0
3849,14.0
3850,0.0
3851,0.0
3852,2.0
3853,9.0
3854,5.0
3855,14.0
3856,0.0
3857,7.0
3858,14.0
3859,2.0
3860,9.0
3861,0.0
3862,0.0
3863,0.0
3864,15.0
3865,14.0
3866,4.0
3867,12.0
3868,3.0
3869,9.0
3870,5.0
3871,0.0
3872,13.0
3873,4.0
3874,0.0
3875,4.0
3876,5.0
3877,1.0
3878,5.0
3879,0.0
3880,8.0
3881,10.0
3882,0.0
3883,4.0
3884,4.0
3885,0.0
3886,8.0
3887,15.0
3888,14.0
3889,0.0
3890,8.0
3891,0.0
3892,10.0
3893,5.0
3894,15.0
3895,13.0
3896,8.0
3897,13.0
3898,4.0
3899,8.0
3900,0.0
3901,4.0
3902,8.0
3903,14.0
3904,4.0
3905,0.0
3906,9.0
3907,0.0
3908,2.0
3909,13.0
3910,15.0
3911,4.0
3912,2.0
3913,5.0
3914,14.0
3915,0.0
3916,0.0
3917,15.0
3918,4.0
3919,3.0
3920,0.0
3921,10.0
3922,1.0
3923,13.0
3924,4.0
3925,4.0
3926,5.0
3927,0.0
3928,0.0
3929,9.0
3930,0.0
3931,4.0
3932,9.0
3933,10.0
3934,1.0
3935,10.0
3936,0.0
3937,0.0
3938,9.0
3939,15.0
3940,13.0
3941,5.0
3942,0.0
3943,0.0
3944,2.0
3945,3.0
3946,0.0
3947,0.0
3948,4.0
3949,10.0
3950,12.0
3951,2.0
3952,13.0
3953,1.0
3954,3.0
3955,14.0
3956,0.0
3957,9.0
3958,0.0
3959,14.0
3960,7.0
3961,4.0
3962,14.0
3963,10.0
3964,9.0
3965,9.0
3966,9.0
3967,14.0
3968,0.0
3969,7.0
3970,4.0
3971,0.0
3972,15.0
3973,2.0
3974,5.0
3975,0.0
3976,0.0
3977,8.0
3978,9.0
3979,5.0
3980,0.0
3981,5.0
3982,4.0
3983,2.0
3984,14.0
3985,5.0
3986,5.0
3987,0.0
3988,4.0
3989,15.0
3990,9.0
3991,0.0
3992,14.0
3993,0.0
3994,4.0
3995,0.0
3996,12.0
3997,0.0
3998,13.0
3999,15.0
4000,1.0
4001,5.0
4002,14.0
4003,0.0
4004,4.0
4005,1.0
4006,10.0
4007,1.0
4008,15.0
4009,1.0
4010,9.0
4011,9.0
4012,15.0
4013,1.0
4014,9.0
4015,13.0
4016,0.0
4017,7.0
4018,14.0
4019,0.0
4020,10.0
4021,4.0
4022,0.0
4023,4.0
4024,0.0
4025,15.0
4026,15.0
4027,0.0
4028,13.0
4029,2.0
4030,9.0
4031,4.0
4032,14.0
4033,13.0
4034,9.0
4035,14.0
4036,0.0
4037,8.0
4038,14.0
4039,5.0
4040,0.0
4041,13.0
4042,5.0
4043,1.0
4044,4.0
4045,4.0
4046,5.0
4047,15.0
4048,0.0
4049,5.0
4050,4.0
4051,9.0
4052,13.0
4053,4.0
4054,8.0
4055,0.0
4056,1.0
4057,10.0
4058,15.0
4059,0.0
4060,0.0
4061,14.0
4062,0.0
4063,15.0
4064,0.0
4065,5.0
4066,5.0
4067,0.0
4068,4.0
4069,5.0
4070,0.0
4071,8.0
4072,15.0
4073,10.0
4074,1.0
4075,9.0
4076,4.0
4077,15.0
4078,2.0
4079,1.0
4080,13.0
4081,0.0
4082,0.0
4083,5.0
4084,0.0
4085,5.0
4086,0.0
4087,12.0
4088,3.0
4089,4.0
4090,14.0
4091,4.0
4092,15.0
4093,1.0
4094,5.0
4095,15.0
4096,0.0
4097,0.0
4098,7.0
4099,0.0
4100,0.0
4101,10.0
4102,15.0
4103,5.0
4104,9.0
4105,5.0
4106,7.0
4107,13.0
4108,0.0
4109,4.0
4110,14.0
4111,3.0
4112,14.0
4113,15.0
4114,14.0
4115,2.0
4116,14.0
4117,0.0
4118,11.0
4119,0.0
4120,5.0
4121,8.0
4122,14.0
4123,5.0
4124,0.0
4125,4.0
4126,15.0
4127,1.0
4128,4.0
4129,5.0
4130,10.0
4131,9.0
4132,5.0
4133,7.0
4134,14.0
4135,8.0
4136,10.0
4137,0.0
4138,14.0
4139,5.0
4140,15.0
4141,10.0
4142,0.0
4143,4.0
4144,3.0
4145,3.0
4146,12.0
4147,14.0
4148,0.0
4149,2.0
4150,13.0
4151,10.0
4152,10.0
4153,4.0
4154,15.0
4155,8.0
4156,8.0
4157,4.0
4158,9.0
4159,5.0
4160,0.0
4161,10.0
4162,9.0
4163,4.0
4164,4.0
4165,0.0
4166,4.0
4167,5.0
4168,4.0
4169,14.0
4170,4.0
4171,10.0
4172,3.0
4173,4.0
4174,9.0
4175,0.0
4176,4.0
4177,4.0
4178,14.0
4179,4.0
4180,5.0
4181,10.0
4182,8.0
4183,0.0
4184,4.0
4185,0.0
4186,0.0
4187,4.0
4188,2.0
4189,7.0
4190,0.0
4191,15.0
4192,0.0
4193,7.0
4194,0.0
4195,15.0
4196,14.0
4197,0.0
4198,0.0
4199,9.0
4200,14.0
4201,12.0
4202,0.0
4203,10.0
4204,14.0
4205,14.0
4206,10.0
4207,0.0
4208,0.0
4209,12.0
4210,14.0
4211,14.0
4212,15.0
4213,4.0
4214,13.0
4215,15.0
4216,0.0
4217,4.0
4218,0.0
4219,5.0
4220,15.0
4221,0.0
4222,0.0
4223,0.0
4224,14.0
4225,15.0
4226,15.0
4227,0.0
4228,5.0
4229,13.0
4230,4.0
4231,8.0
4232,0.0
4233,10.0
4234,15.0
4235,11.0
4236,9.0
4237,15.0
4238,0.0
4239,10.0
4240,10.0
4241,12.0
4242,14.0
4243,0.0
4244,8.0
4245,14.0
4246,0.0
4247,7.0
4248,15.0
4249,3.0
4250,12.0
4251,14.0
4252,15.0
4253,12.0
4254,15.0
4255,14.0
4256,13.0
4257,0.0
4258,10.0
4259,13.0
4260,5.0
4261,14.0
4262,0.0
4263,9.0
4264,0.0
4265,3.0
4266,9.0
4267,8.0
4268,15.0
4269,15.0
4270,14.0
4271,5.0
4272,4.0
4273,0.0
4274,14.0
4275,4.0
4276,13.0
4277,10.0
4278,5.0
4279,14.0
4280,0.0
4281,5.0
4282,13.0
4283,9.0
4284,0.0
4285,9.0
4286,0.0
4287,4.0
4288,0.0
4289,9.0
4290,0.0
4291,9.0
4292,3.0
4293,14.0
4294,4.0
4295,4.0
4296,0.0
4297,13.0
4298,0.0
4299,4.0
4300,15.0
4301,11.0
4302,14.0
4303,1.0
4304,0.0
4305,9.0
4306,13.0
4307,12.0
4308,1.0
4309,4.0
4310,5.0
4311,9.0
4312,12.0
4313,2.0
4314,3.0
4315,0.0
4316,13.0
4317,15.0
4318,5.0
4319,2.0
4320,5.0
4321,13.0
4322,12.0
4323,1.0
4324,4.0
4325,15.0
4326,3.0
4327,0.0
4328,0.0
4329,15.0
4330,15.0
4331,12.0
4332,15.0
4333,8.0
4334,12.0
4335,0.0
4336,15.0
4337,0.0
4338,0.0
4339,14.0
4340,0.0
4341,0.0
4342,14.0
4343,0.0
4344,5.0
4345,14.0
4346,7.0
4347,0.0
4348,0.0
4349,9.0
4350,15.0
4351,1.0
4352,9.0
4353,5.0
4354,15.0
4355,5.0
4356,0.0
4357,14.0
4358,3.0
4359,9.0
4360,4.0
4361,0.0
4362,0.0
4363,5.0
4364,10.0
4365,0.0
4366,1.0
4367,0.0
4368,13.0
4369,0.0
4370,14.0
4371,0.0
4372,15.0
4373,14.0
4374,4.0
4375,13.0
4376,4.0
4377,14.0
4378,8.0
4379,13.0
4380,14.0
4381,6.0
4382,9.0
4383,15.0
4384,7.0
4385,2.0
4386,13.0
4387,0.0
4388,0.0
4389,10.0
4390,13.0
4391,9.0
4392,9.0
4393,0.0
4394,3.0
4395,4.0
4396,7.0
4397,13.0
4398,15.0
4399,1.0
4400,9.0
4401,15.0
4402,13.0
4403,4.0
4404,8.0
4405,5.0
4406,14.0
4407,13.0
4408,9.0
4409,12.0
4410,7.0
4411,5.0
4412,0.0
4413,13.0
4414,13.0
4415,7.0
4416,7.0
4417,0.0
4418,0.0
4419,2.0
4420,0.0
4421,0.0
4422,4.0
4423,2.0
4424,13.0
4425,15.0
4426,0.0
4427,4.0
4428,15.0
4429,12.0
4430,9.0
4431,1.0
4432,5.0
4433,0.0
4434,0.0
4435,1.0
4436,10.0
4437,2.0
4438,14.0
4439,0.0
4440,0.0
4441,0.0
4442,0.0
4443,13.0
4444,7.0
4445,14.0
4446,13.0
4447,2.0
4448,13.0
4449,10.0
4450,9.0
4451,4.0
4452,15.0
4453,5.0
4454,5.0
4455,15.0
4456,3.0
4457,15.0
4458,13.0
4459,9.0
4460,0.0
4461,10.0
4462,0.0
4463,15.0
4464,13.0
4465,0.0
4466,9.0
4467,14.0
4468,0.0
4469,14.0
4470,13.0
4471,14.0
4472,5.0
4473,14.0
4474,0.0
4475,4.0
4476,8.0
4477,13.0
4478,9.0
4479,2.0
4480,1.0
4481,5.0
4482,14.0
4483,0.0
4484,9.0
4485,14.0
4486,4.0
4487,9.0
4488,14.0
4489,4.0
4490,0.0
4491,4.0
4492,0.0
4493,15.0
4494,0.0
4495,0.0
4496,13.0
4497,4.0
4498,2.0
4499,10.0
4500,9.0
4501,10.0
4502,0.0
4503,8.0
4504,15.0
4505,0.0
4506,5.0
4507,8.0
4508,14.0
4509,4.0
4510,14.0
4511,2.0
4512,0.0
4513,14.0
4514,15.0
4515,15.0
4516,7.0
4517,4.0
4518,4.0
4519,14.0
4520,10.0
4521,0.0
4522,0.0
4523,9.0
4524,0.0
4525,15.0
4526,13.0
4527,8.0
4528,4.0
4529,8.0
4530,9.0
4531,0.0
4532,3.0
4533,14.0
4534,9.0
4535,0.0
4536,4.0
4537,15.0
4538,7.0
4539,1.0
4540,12.0
4541,3.0
4542,0.0
4543,5.0
4544,9.0
4545,4.0
4546,0.0
4547,0.0
4548,2.0
4549,9.0
4550,0.0
4551,15.0
4552,10.0
4553,15.0
4554,5.0
4555,14.0
4556,5.0
4557,0.0
4558,10.0
4559,15.0
4560,0.0
4561,15.0
4562,8.0
4563,3.0
4564,14.0
4565,0.0
4566,8.0
4567,4.0
4568,0.0
4569,4.0
4570,13.0
4571,0.0
4572,8.0
4573,12.0
4574,12.0
4575,4.0
4576,4.0
4577,4.0
4578,9.0
4579,0.0
4580,4.0
4581,9.0
4582,0.0
4583,12.0
4584,0.0
4585,0.0
4586,5.0
4587,13.0
4588,4.0
4589,0.0
4590,0.0
4591,14.0
4592,0.0
4593,0.0
4594,9.0
4595,15.0
4596,14.0
4597,0.0
4598,0.0
4599,0.0
4600,2.0
4601,5.0
4602,13.0
4603,0.0
4604,9.0
4605,12.0
4606,13.0
4607,4.0
4608,0.0
4609,3.0
4610,14.0
4611,10.0
4612,8.0
4613,8.0
4614,10.0
4615,10.0
4616,5.0
4617,1.0
4618,8.0
4619,14.0
4620,3.0
4621,10.0
4622,10.0
4623,4.0
4624,9.0
4625,9.0
4626,0.0
4627,0.0
4628,0.0
4629,12.0
4630,4.0
4631,9.0
4632,10.0
4633,4.0
4634,15.0
4635,14.0
4636,9.0
4637,0.0
4638,0.0
4639,5.0
4640,0.0
4641,13.0
4642,4.0
4643,5.0
4644,0.0
4645,0.0
4646,13.0
4647,15.0
4648,0.0
4649,4.0
4650,4.0
4651,0.0
4652,0.0
4653,0.0
4654,7.0
4655,14.0
4656,4.0
4657,14.0
4658,4.0
4659,15.0
4660,11.0
4661,14.0
4662,0.0
4663,8.0
4664,8.0
4665,0.0
4666,4.0
4667,0.0
4668,14.0
4669,4.0
4670,3.0
4671,0.0
4672,4.0
4673,4.0
4674,2.0
4675,0.0
4676,10.0
4677,14.0
4678,15.0
4679,13.0
4680,5.0
4681,14.0
4682,14.0
4683,9.0
4684,8.0
4685,0.0
4686,0.0
4687,5.0
4688,4.0
4689,1.0
4690,0.0
4691,2.0
4692,1.0
4693,0.0
4694,14.0
4695,0.0
4696,0.0
4697,10.0
4698,9.0
4699,5.0
4700,4.0
4701,0.0
4702,9.0
4703,12.0
4704,12.0
4705,8.0
4706,1.0
4707,14.0
4708,0.0
4709,10.0
4710,5.0
4711,14.0
4712,9.0
4713,2.0
4714,0.0
4715,15.0
4716,4.0
4717,0.0
4718,3.0
4719,9.0
4720,1.0
4721,0.0
4722,7.0
4723,2.0
4724,9.0
4725,14.0
4726,1.0
4727,15.0
4728,9.0
4729,5.0
4730,10.0
4731,15.0
4732,10.0
4733,2.0
4734,2.0
4735,4.0
4736,4.0
4737,0.0
4738,4.0
4739,4.0
4740,14.0
4741,10.0
4742,9.0
4743,5.0
4744,0.0
4745,14.0
4746,5.0
4747,13.0
4748,13.0
4749,9.0
4750,14.0
4751,14.0
4752,4.0
4753,4.0
4754,1.0
4755,0.0
4756,15.0
4757,9.0
4758,4.0
4759,0.0
4760,10.0
4761,3.0
4762,14.0
4763,4.0
4764,13.0
4765,14.0
4766,10.0
4767,14.0
4768,4.0
4769,10.0
4770,5.0
4771,15.0
4772,0.0
4773,13.0
4774,15.0
4775,0.0
4776,15.0
4777,7.0
4778,13.0
4779,14.0
4780,7.0
4781,14.0
4782,12.0
4783,0.0
4784,3.0
4785,14.0
4786,0.0
4787,6.0
4788,4.0
4789,14.0
4790,13.0
4791,14.0
4792,15.0
4793,13.0
4794,14.0
4795,4.0
4796,0.0
4797,0.0
4798,8.0
4799,15.0
4800,0.0
4801,0.0
4802,12.0
4803,7.0
4804,12.0
4805,0.0
4806,1.0
4807,4.0
4808,15.0
4809,15.0
4810,6.0
4811,5.0
4812,0.0
4813,15.0
4814,7.0
4815,0.0
4816,15.0
4817,13.0
4818,15.0
4819,0.0
4820,0.0
4821,14.0
4822,10.0
4823,0.0
4824,13.0
4825,7.0
4826,2.0
4827,0.0
4828,9.0
4829,10.0
4830,15.0
4831,0.0
4832,13.0
4833,0.0
4834,0.0
4835,14.0
4836,3.0
4837,5.0
4838,14.0
4839,0.0
4840,10.0
4841,8.0
4842,14.0
4843,5.0
4844,12.0
4845,4.0
4846,10.0
4847,12.0
4848,0.0
4849,9.0
4850,0.0
4851,0.0
4852,0.0
4853,0.0
4854,10.0
4855,0.0
4856,14.0
4857,8.0
4858,1.0
4859,7.0
4860,0.0
4861,0.0
4862,2.0
4863,4.0
4864,2.0
4865,14.0
4866,15.0
4867,15.0
4868,0.0
4869,0.0
4870,0.0
4871,14.0
4872,15.0
4873,5.0
4874,7.0
4875,1.0
4876,3.0
4877,14.0
4878,0.0
4879,4.0
4880,4.0
4881,0.0
4882,5.0
4883,0.0
4884,3.0
4885,10.0
4886,4.0
4887,15.0
4888,0.0
4889,12.0
4890,4.0
4891,9.0
4892,0.0
4893,9.0
4894,14.0
4895,15.0
4896,0.0
4897,10.0
4898,4.0
4899,3.0
4900,0.0
4901,10.0
4902,14.0
4903,15.0
4904,0.0
4905,0.0
4906,6.0
4907,14.0
4908,15.0
4909,4.0
4910,13.0
4911,9.0
4912,14.0
4913,15.0
4914,10.0
4915,3.0
4916,0.0
4917,15.0
4918,4.0
4919,10.0
4920,2.0
4921,15.0
4922,4.0
4923,14.0
4924,13.0
4925,0.0
4926,0.0
4927,0.0
4928,0.0
4929,4.0
4930,0.0
4931,9.0
4932,9.0
4933,2.0
4934,9.0
4935,0.0
4936,8.0
4937,0.0
4938,0.0
4939,0.0
4940,9.0
4941,15.0
4942,4.0
4943,0.0
4944,3.0
4945,0.0
4946,4.0
4947,15.0
4948,4.0
4949,2.0
4950,3.0
4951,1.0
4952,1.0
4953,0.0
4954,0.0
4955,5.0
4956,12.0
4957,0.0
4958,9.0
4959,0.0
4960,0.0
4961,10.0
4962,1.0
4963,8.0
4964,0.0
4965,15.0
4966,7.0
4967,15.0
4968,0.0
4969,15.0
4970,0.0
4971,0.0
4972,2.0
4973,3.0
4974,0.0
4975,0.0
4976,1.0
4977,4.0
4978,14.0
4979,10.0
4980,0.0
4981,15.0
4982,1.0
4983,0.0
4984,0.0
4985,13.0
4986,14.0
4987,2.0
4988,9.0
4989,13.0
4990,0.0
4991,13.0
4992,7.0
4993,3.0
4994,10.0
4995,5.0
4996,5.0
4997,0.0
4998,14.0
4999,5.0
5000,15.0
5001,1.0
5002,14.0
5003,15.0
5004,5.0
5005,0.0
5006,0.0
5007,0.0
5008,1.0
5009,8.0
5010,4.0
5011,0.0
5012,4.0
5013,1.0
5014,0.0
5015,0.0
5016,8.0
5017,9.0
5018,0.0
5019,14.0
5020,15.0
5021,7.0
5022,15.0
5023,3.0
5024,9.0
5025,15.0
5026,5.0
5027,5.0
5028,4.0
5029,14.0
5030,4.0
5031,5.0
5032,5.0
5033,0.0
5034,14.0
5035,4.0
5036,4.0
5037,0.0
5038,0.0
5039,12.0
5040,0.0
5041,12.0
5042,9.0
5043,1.0
5044,14.0
5045,14.0
5046,2.0
5047,0.0
5048,9.0
5049,0.0
5050,4.0
5051,14.0
5052,0.0
5053,4.0
5054,0.0
5055,8.0
5056,4.0
5057,5.0
5058,9.0
5059,14.0
5060,14.0
5061,15.0
5062,8.0
5063,15.0
5064,15.0
5065,10.0
5066,0.0
5067,13.0
5068,0.0
5069,13.0
5070,10.0
5071,14.0
5072,0.0
5073,3.0
5074,10.0
5075,14.0
5076,7.0
5077,14.0
5078,15.0
5079,0.0
5080,9.0
5081,10.0
5082,0.0
5083,14.0
5084,0.0
5085,13.0
5086,2.0
5087,11.0
5088,0.0
5089,0.0
5090,6.0
5091,0.0
5092,15.0
5093,2.0
5094,15.0
5095,14.0
5096,10.0
5097,0.0
5098,1.0
5099,14.0
5100,14.0
5101,0.0
5102,3.0
5103,0.0
5104,9.0
5105,15.0
5106,10.0
5107,0.0
5108,4.0
5109,15.0
5110,10.0
5111,14.0
5112,3.0
5113,9.0
5114,4.0
5115,9.0
5116,13.0
5117,4.0
5118,3.0
5119,5.0
5120,10.0
5121,0.0
5122,14.0
5123,1.0
5124,9.0
5125,15.0
5126,5.0
5127,4.0
5128,4.0
5129,15.0
5130,14.0
5131,4.0
5132,13.0
5133,2.0
5134,5.0
5135,0.0
5136,14.0
5137,8.0
5138,12.0
5139,7.0
5140,12.0
5141,4.0
5142,0.0
5143,0.0
5144,3.0
5145,13.0
5146,0.0
5147,9.0
5148,9.0
5149,0.0
5150,1.0
5151,14.0
5152,15.0
5153,10.0
5154,1.0
5155,0.0
5156,8.0
5157,12.0
5158,0.0
5159,1.0
5160,0.0
5161,4.0
5162,4.0
5163,8.0
5164,15.0
5165,8.0
5166,4.0
5167,15.0
5168,0.0
5169,0.0
5170,10.0
5171,15.0
5172,9.0
5173,15.0
5174,5.0
5175,15.0
5176,0.0
5177,0.0
5178,8.0
5179,9.0
5180,14.0
5181,0.0
5182,13.0
5183,0.0
5184,14.0
5185,14.0
5186,10.0
5187,14.0
5188,14.0
5189,14.0
5190,0.0
5191,0.0
5192,1.0
5193,15.0
5194,15.0
5195,0.0
5196,8.0
5197,10.0
5198,0.0
5199,10.0
5200,4.0
5201,13.0
5202,0.0
5203,10.0
5204,0.0
5205,14.0
5206,0.0
5207,1.0
5208,14.0
5209,10.0
5210,15.0
5211,3.0
5212,0.0
5213,0.0
5214,0.0
5215,8.0
5216,0.0
5217,9.0
5218,4.0
5219,1.0
5220,15.0
5221,4.0
5222,0.0
5223,13.0
5224,15.0
5225,0.0
5226,2.0
5227,13.0
5228,9.0
5229,15.0
5230,0.0
5231,10.0
5232,9.0
5233,0.0
5234,8.0
5235,0.0
5236,0.0
5237,11.0
5238,2.0
5239,15.0
5240,4.0
5241,0.0
5242,15.0
5243,14.0
5244,15.0
5245,0.0
5246,10.0
5247,7.0
5248,9.0
5249,15.0
5250,2.0
5251,0.0
5252,5.0
5253,13.0
5254,12.0
5255,15.0
5256,4.0
5257,4.0
5258,7.0
5259,8.0
5260,0.0
5261,0.0
5262,0.0
5263,15.0
5264,5.0
5265,8.0
5266,1.0
5267,0.0
5268,15.0
5269,14.0
5270,7.0
5271,12.0
5272,15.0
5273,10.0
5274,4.0
5275,4.0
5276,5.0
5277,9.0
5278,9.0
5279,12.0
5280,12.0
5281,7.0
5282,10.0
5283,0.0
5284,9.0
5285,5.0
5286,13.0
5287,10.0
5288,12.0
5289,14.0
5290,0.0
5291,0.0
5292,14.0
5293,5.0
5294,15.0
5295,9.0
5296,14.0
5297,14.0
5298,14.0
5299,12.0
5300,0.0
5301,0.0
5302,9.0
5303,15.0
5304,14.0
5305,9.0
5306,4.0
5307,13.0
5308,8.0
5309,1.0
5310,13.0
5311,14.0
5312,10.0
5313,10.0
5314,7.0
5315,0.0
5316,15.0
5317,5.0
5318,14.0
5319,2.0
5320,0.0
5321,5.0
5322,9.0
5323,13.0
5324,6.0
5325,4.0
5326,0.0
5327,1.0
5328,9.0
5329,5.0
5330,10.0
5331,0.0
5332,14.0
5333,2.0
5334,5.0
5335,2.0
5336,9.0
5337,13.0
5338,4.0
5339,15.0
5340,6.0
5341,14.0
5342,1.0
5343,2.0
5344,9.0
5345,7.0
5346,14.0
5347,0.0
5348,14.0
5349,5.0
5350,0.0
5351,15.0
5352,0.0
5353,12.0
5354,8.0
5355,5.0
5356,9.0
5357,10.0
5358,4.0
5359,13.0
5360,0.0
5361,13.0
5362,0.0
5363,15.0
5364,3.0
5365,5.0
5366,0.0
5367,9.0
5368,14.0
5369,14.0
5370,10.0
5371,10.0
5372,0.0
5373,0.0
5374,9.0
5375,15.0
5376,0.0
5377,0.0
5378,4.0
5379,5.0
5380,4.0
5381,8.0
5382,5.0
5383,13.0
5384,0.0
5385,14.0
5386,15.0
5387,4.0
5388,0.0
5389,0.0
5390,6.0
5391,15.0
5392,10.0
5393,9.0
5394,8.0
5395,1.0
5396,0.0
5397,0.0
5398,0.0
5399,12.0
5400,15.0
5401,10.0
5402,0.0
5403,9.0
5404,13.0
5405,0.0
5406,14.0
5407,2.0
5408,1.0
5409,13.0
5410,2.0
5411,4.0
5412,13.0
5413,2.0
5414,3.0
5415,14.0
5416,0.0
5417,14.0
5418,0.0
5419,4.0
5420,4.0
5421,10.0
5422,10.0
5423,0.0
5424,5.0
5425,1.0
5426,14.0
5427,10.0
5428,13.0
5429,9.0
5430,14.0
5431,15.0
5432,4.0
5433,15.0
5434,15.0
5435,9.0
5436,4.0
5437,14.0
5438,0.0
5439,13.0
5440,0.0
5441,14.0
5442,0.0
5443,0.0
5444,15.0
5445,14.0
5446,7.0
5447,14.0
5448,9.0
5449,13.0
5450,13.0
5451,4.0
5452,7.0
5453,0.0
5454,4.0
5455,14.0
5456,0.0
5457,7.0
5458,11.0
5459,10.0
5460,10.0
5461,5.0
5462,0.0
5463,3.0
5464,3.0
5465,0.0
5466,0.0
5467,5.0
5468,0.0
5469,4.0
5470,2.0
5471,0.0
5472,0.0
5473,15.0
5474,4.0
5475,1.0
5476,14.0
5477,4.0
5478,12.0
5479,13.0
5480,13.0
5481,14.0
5482,13.0
5483,0.0
5484,5.0
5485,0.0
5486,13.0
5487,7.0
5488,2.0
5489,4.0
5490,3.0
5491,5.0
5492,9.0
5493,8.0
5494,13.0
5495,10.0
5496,0.0
5497,8.0
5498,3.0
5499,10.0
5500,15.0
5501,4.0
5502,4.0
5503,0.0
5504,0.0
5505,15.0
5506,5.0
5507,13.0
5508,10.0
5509,13.0
5510,10.0
5511,0.0
5512,7.0
5513,10.0
5514,4.0
5515,11.0
5516,4.0
5517,9.0
5518,15.0
5519,15.0
5520,2.0
5521,5.0
5522,14.0
5523,0.0
5524,14.0
5525,0.0
5526,13.0
5527,10.0
5528,7.0
5529,2.0
5530,8.0
5531,0.0
5532,9.0
5533,14.0
5534,2.0
5535,0.0
5536,4.0
5537,9.0
5538,5.0
5539,9.0
5540,4.0
5541,4.0
5542,10.0
5543,10.0
5544,2.0
5545,5.0
5546,14.0
5547,15.0
5548,5.0
5549,15.0
5550,13.0
5551,0.0
5552,3.0
5553,4.0
5554,15.0
5555,1.0
5556,4.0
5557,0.0
5558,14.0
5559,4.0
5560,8.0
5561,0.0
5562,15.0
5563,15.0
5564,14.0
5565,12.0
5566,0.0
5567,5.0
5568,3.0
5569,1.0
5570,7.0
5571,8.0
5572,5.0
5573,0.0
5574,15.0
5575,13.0
5576,14.0
5577,10.0
5578,14.0
5579,3.0
5580,0.0
5581,14.0
5582,5.0
5583,3.0
5584,4.0
5585,15.0
5586,1.0
5587,0.0
5588,5.0
5589,10.0
5590,2.0
5591,13.0
5592,9.0
5593,9.0
5594,4.0
5595,10.0
5596,9.0
5597,15.0
5598,8.0
5599,10.0
5600,4.0
5601,13.0
5602,10.0
5603,14.0
5604,0.0
5605,0.0
5606,0.0
5607,12.0
5608,5.0
5609,4.0
5610,4.0
5611,15.0
5612,14.0
5613,14.0
5614,9.0
5615,15.0
5616,9.0
5617,8.0
5618,14.0
5619,9.0
5620,14.0
5621,0.0
5622,4.0
5623,14.0
5624,13.0
5625,0.0
5626,12.0
5627,4.0
5628,9.0
5629,9.0
5630,12.0
5631,15.0
5632,1.0
5633,4.0
5634,15.0
5635,15.0
5636,9.0
5637,0.0
5638,13.0
5639,0.0
5640,9.0
5641,4.0
5642,5.0
5643,5.0
5644,8.0
5645,7.0
5646,0.0
5647,15.0
5648,9.0
5649,14.0
5650,14.0
5651,12.0
5652,0.0
5653,8.0
5654,2.0
5655,12.0
5656,12.0
5657,5.0
5658,4.0
5659,13.0
5660,14.0
5661,9.0
5662,4.0
5663,0.0
5664,2.0
5665,5.0
5666,15.0
5667,13.0
5668,4.0
5669,0.0
5670,15.0
5671,11.0
5672,14.0
5673,15.0
5674,4.0
5675,0.0
5676,14.0
5677,4.0
5678,8.0
5679,10.0
5680,9.0
5681,14.0
5682,15.0
5683,14.0
5684,4.0
5685,0.0
5686,4.0
5687,1.0
5688,11.0
5689,0.0
5690,8.0
5691,5.0
5692,4.0
5693,7.0
5694,0.0
5695,5.0
5696,13.0
5697,5.0
5698,13.0
5699,1.0
5700,9.0
5701,0.0
5702,10.0
5703,15.0
5704,4.0
5705,15.0
5706,3.0
5707,14.0
5708,13.0
5709,0.0
5710,14.0
5711,0.0
5712,0.0
5713,14.0
5714,15.0
5715,8.0
5716,4.0
5717,0.0
5718,4.0
5719,14.0
5720,12.0
5721,14.0
5722,14.0
5723,0.0
5724,0.0
5725,0.0
5726,2.0
5727,9.0
5728,15.0
5729,8.0
5730,4.0
5731,14.0
5732,12.0
5733,4.0
5734,14.0
5735,11.0
5736,10.0
5737,0.0
5738,4.0
5739,0.0
5740,11.0
5741,3.0
5742,0.0
5743,1.0
5744,8.0
5745,2.0
5746,14.0
5747,14.0
5748,14.0
5749,0.0
5750,14.0
5751,9.0
5752,15.0
5753,15.0
5754,0.0
5755,0.0
5756,0.0
5757,4.0
5758,0.0
5759,14.0
5760,15.0
5761,0.0
5762,4.0
5763,0.0
5764,5.0
5765,0.0
5766,9.0
5767,0.0
5768,0.0
5769,0.0
5770,4.0
5771,9.0
5772,14.0
5773,3.0
5774,14.0
5775,9.0
5776,4.0
5777,4.0
5778,10.0
5779,0.0
5780,15.0
5781,2.0
5782,14.0
5783,14.0
5784,9.0
5785,0.0
5786,14.0
5787,13.0
5788,0.0
5789,0.0
5790,2.0
5791,14.0
5792,2.0
5793,0.0
5794,0.0
5795,10.0
5796,0.0
5797,13.0
5798,5.0
5799,14.0
5800,8.0
5801,0.0
5802,0.0
5803,4.0
5804,9.0
5805,0.0
5806,14.0
5807,9.0
5808,9.0
5809,0.0
5810,10.0
5811,12.0
5812,0.0
5813,15.0
5814,7.0
5815,14.0
5816,0.0
5817,5.0
5818,0.0
5819,14.0
5820,0.0
5821,10.0
5822,12.0
5823,10.0
5824,1.0
5825,7.0
5826,12.0
5827,0.0
5828,9.0
5829,5.0
5830,15.0
5831,10.0
5832,4.0
5833,13.0
5834,9.0
5835,4.0
5836,4.0
5837,12.0
5838,0.0
5839,13.0
5840,4.0
5841,14.0
5842,14.0
5843,0.0
5844,9.0
5845,0.0
5846,1.0
5847,12.0
5848,0.0
5849,0.0
5850,4.0
5851,0.0
5852,8.0
5853,0.0
5854,9.0
5855,10.0
5856,4.0
5857,9.0
5858,14.0
5859,5.0
5860,2.0
5861,14.0
5862,5.0
5863,13.0
5864,0.0
5865,14.0
5866,0.0
5867,13.0
5868,10.0
5869,9.0
5870,10.0
5871,8.0
5872,9.0
5873,4.0
5874,15.0
5875,4.0
5876,2.0
5877,12.0
5878,13.0
5879,0.0
5880,15.0
5881,15.0
5882,13.0
5883,0.0
5884,4.0
5885,14.0
5886,4.0
5887,3.0
5888,14.0
5889,14.0
5890,14.0
5891,5.0
5892,12.0
5893,0.0
5894,4.0
5895,8.0
5896,0.0
5897,4.0
5898,12.0
5899,5.0
5900,10.0
5901,4.0
5902,1.0
5903,12.0
5904,9.0
5905,14.0
5906,15.0
5907,0.0
5908,5.0
5909,15.0
5910,15.0
5911,4.0
5912,4.0
5913,13.0
5914,4.0
5915,9.0
5916,14.0
5917,1.0
5918,15.0
5919,14.0
5920,0.0
5921,0.0
5922,14.0
5923,0.0
5924,4.0
5925,15.0
5926,13.0
5927,0.0
5928,10.0
5929,15.0
5930,15.0
5931,9.0
5932,14.0
5933,8.0
5934,2.0
5935,0.0
5936,4.0
5937,5.0
5938,4.0
5939,1.0
5940,0.0
5941,4.0
5942,0.0
5943,1.0
5944,8.0
5945,5.0
5946,0.0
5947,10.0
5948,15.0
5949,4.0
5950,5.0
5951,4.0
5952,13.0
5953,0.0
5954,14.0
5955,4.0
5956,14.0
5957,10.0
5958,14.0
5959,0.0
5960,14.0
5961,8.0
5962,12.0
5963,10.0
5964,9.0
5965,15.0
5966,11.0
5967,4.0
5968,9.0
5969,6.0
5970,0.0
5971,0.0
5972,0.0
5973,14.0
5974,3.0
5975,4.0
5976,0.0
5977,4.0
5978,15.0
5979,14.0
5980,14.0
5981,4.0
5982,13.0
5983,15.0
5984,1.0
5985,0.0
5986,2.0
5987,15.0
5988,5.0
5989,4.0
5990,9.0
5991,14.0
5992,0.0
5993,0.0
5994,14.0
5995,0.0
5996,12.0
5997,3.0
5998,15.0
5999,0.0
6000,3.0
6001,9.0
6002,2.0
6003,15.0
6004,4.0
6005,4.0
6006,14.0
6007,15.0
6008,10.0
6009,10.0
6010,5.0
6011,13.0
6012,0.0
6013,0.0
6014,0.0
6015,7.0
6016,10.0
6017,4.0
6018,0.0
6019,0.0
6020,0.0
6021,4.0
6022,11.0
6023,10.0
6024,5.0
6025,14.0
6026,12.0
6027,14.0
6028,8.0
6029,8.0
6030,4.0
6031,10.0
6032,12.0
6033,8.0
6034,0.0
6035,8.0
6036,0.0
6037,0.0
6038,4.0
6039,15.0
6040,10.0
6041,14.0
6042,0.0
6043,0.0
6044,12.0
6045,10.0
6046,4.0
6047,8.0
6048,0.0
6049,5.0
6050,12.0
6051,4.0
6052,10.0
6053,5.0
6054,8.0
6055,2.0
6056,4.0
6057,0.0
6058,10.0
6059,5.0
6060,12.0
6061,0.0
6062,5.0
6063,15.0
6064,9.0
6065,8.0
6066,0.0
6067,14.0
6068,13.0
6069,9.0
6070,13.0
6071,9.0
6072,0.0
6073,8.0
6074,5.0
6075,10.0
6076,8.0
6077,4.0
6078,9.0
6079,0.0
6080,0.0
6081,1.0
6082,12.0
6083,0.0
6084,15.0
6085,0.0
6086,8.0
6087,14.0
6088,12.0
6089,4.0
6090,14.0
6091,4.0
6092,1.0
6093,14.0
6094,0.0
6095,0.0
6096,0.0
6097,9.0
6098,0.0
6099,3.0
6100,4.0
6101,12.0
6102,10.0
6103,0.0
6104,14.0
6105,4.0
6106,5.0
6107,9.0
6108,13.0
6109,2.0
6110,8.0
6111,15.0
6112,15.0
6113,0.0
6114,1.0
6115,0.0
6116,13.0
6117,11.0
6118,10.0
6119,14.0
6120,0.0
6121,15.0
6122,0.0
6123,0.0
6124,12.0
6125,2.0
6126,2.0
6127,4.0
6128,14.0
6129,8.0
6130,0.0
6131,4.0
6132,13.0
6133,0.0
6134,0.0
6135,4.0
6136,0.0
6137,15.0
6138,15.0
6139,0.0
6140,2.0
6141,4.0
6142,14.0
6143,8.0
6144,0.0
6145,0.0
6146,12.0
6147,10.0
6148,0.0
6149,13.0
6150,14.0
6151,15.0
6152,9.0
6153,5.0
6154,5.0
6155,3.0
6156,0.0
6157,14.0
6158,4.0
6159,12.0
6160,0.0
6161,2.0
6162,0.0
6163,8.0
6164,4.0
6165,7.0
6166,9.0
6167,12.0
6168,10.0
6169,15.0
6170,10.0
6171,5.0
6172,4.0
6173,4.0
6174,2.0
6175,13.0
6176,5.0
6177,5.0
6178,10.0
6179,2.0
6180,0.0
6181,8.0
6182,15.0
6183,0.0
6184,5.0
6185,9.0
6186,12.0
6187,15.0
6188,14.0
6189,15.0
6190,3.0
6191,1.0
6192,8.0
6193,13.0
6194,4.0
6195,12.0
6196,4.0
6197,15.0
6198,5.0
6199,15.0
6200,10.0
6201,0.0
6202,0.0
6203,0.0
6204,2.0
6205,0.0
6206,14.0
6207,9.0
6208,5.0
6209,5.0
6210,9.0
6211,15.0
6212,14.0
6213,0.0
6214,12.0
6215,0.0
6216,9.0
6217,15.0
6218,10.0
6219,0.0
6220,5.0
6221,9.0
6222,0.0
6223,0.0
6224,12.0
6225,0.0
6226,13.0
6227,4.0
6228,5.0
6229,1.0
6230,9.0
6231,8.0
6232,8.0
6233,14.0
6234,14.0
6235,3.0
6236,4.0
6237,0.0
6238,4.0
6239,0.0
6240,0.0
6241,15.0
6242,0.0
6243,1.0
6244,8.0
6245,0.0
6246,0.0
6247,5.0
6248,9.0
6249,1.0
6250,4.0
6251,14.0
6252,12.0
6253,10.0
6254,8.0
6255,5.0
6256,0.0
6257,15.0
6258,2.0
6259,0.0
6260,14.0
6261,0.0
6262,3.0
6263,2.0
6264,0.0
6265,5.0
6266,8.0
6267,5.0
6268,14.0
6269,4.0
6270,15.0
6271,10.0
6272,14.0
6273,5.0
6274,4.0
6275,0.0
6276,0.0
6277,14.0
6278,9.0
6279,2.0
6280,5.0
6281,2.0
6282,15.0
6283,10.0
6284,13.0
6285,0.0
6286,4.0
6287,2.0
6288,9.0
6289,7.0
6290,4.0
6291,2.0
6292,8.0
6293,10.0
6294,0.0
6295,0.0
6296,15.0
6297,4.0
6298,8.0
6299,14.0
6300,4.0
6301,14.0
6302,9.0
6303,13.0
6304,1.0
6305,1.0
6306,14.0
6307,5.0
6308,15.0
6309,0.0
6310,13.0
6311,15.0
6312,14.0
6313,0.0
6314,2.0
6315,12.0
6316,15.0
6317,1.0
6318,0.0
6319,0.0
6320,14.0
6321,0.0
6322,4.0
6323,10.0
6324,4.0
6325,4.0
6326,2.0
6327,9.0
6328,13.0
6329,0.0
6330,4.0
6331,0.0
6332,9.0
6333,10.0
6334,13.0
6335,5.0
6336,12.0
6337,9.0
6338,15.0
6339,10.0
6340,4.0
6341,9.0
6342,4.0
6343,0.0
6344,4.0
6345,4.0
6346,15.0
6347,10.0
6348,9.0
6349,9.0
6350,4.0
6351,15.0
6352,0.0
6353,14.0
6354,0.0
6355,4.0
6356,0.0
6357,0.0
6358,14.0
6359,8.0
6360,0.0
6361,15.0
6362,4.0
6363,14.0
6364,15.0
6365,0.0
6366,0.0
6367,5.0
6368,11.0
6369,14.0
6370,15.0
6371,3.0
6372,13.0
6373,5.0
6374,12.0
6375,0.0
6376,10.0
6377,13.0
6378,15.0
6379,8.0
6380,12.0
6381,0.0
6382,5.0
6383,4.0
6384,13.0
6385,14.0
6386,9.0
6387,14.0
6388,0.0
6389,14.0
6390,2.0
6391,1.0
6392,0.0
6393,0.0
6394,1.0
6395,0.0
6396,14.0
6397,2.0
6398,9.0
6399,0.0
6400,15.0
6401,0.0
6402,0.0
6403,12.0
6404,15.0
6405,2.0
6406,4.0
6407,13.0
6408,4.0
6409,5.0
6410,3.0
6411,13.0
6412,15.0
6413,7.0
6414,15.0
6415,5.0
6416,12.0
6417,13.0
6418,0.0
6419,14.0
6420,4.0
6421,0.0
6422,0.0
6423,0.0
6424,9.0
6425,8.0
6426,2.0
6427,0.0
6428,14.0
6429,0.0
6430,9.0
6431,9.0
6432,1.0
6433,10.0
6434,13.0
6435,15.0
6436,14.0
6437,12.0
6438,0.0
6439,7.0
6440,2.0
6441,0.0
6442,15.0
6443,15.0
6444,0.0
6445,0.0
6446,9.0
6447,14.0
6448,15.0
6449,10.0
6450,5.0
6451,0.0
6452,0.0
6453,9.0
6454,0.0
6455,14.0
6456,0.0
6457,9.0
6458,13.0
6459,0.0
6460,0.0
6461,2.0
6462,15.0
6463,14.0
6464,4.0
6465,0.0
6466,2.0
6467,2.0
6468,8.0
6469,9.0
6470,4.0
6471,9.0
6472,14.0
6473,5.0
6474,4.0
6475,0.0
6476,9.0
6477,15.0
6478,14.0
6479,4.0
6480,0.0
6481,12.0
6482,10.0
6483,14.0
6484,0.0
6485,4.0
6486,1.0
6487,0.0
6488,15.0
6489,0.0
6490,13.0
6491,15.0
6492,8.0
6493,12.0
6494,5.0
6495,4.0
6496,0.0
6497,14.0
6498,5.0
6499,4.0
6500,4.0
6501,4.0
6502,4.0
6503,5.0
6504,8.0
6505,4.0
6506,8.0
6507,0.0
6508,7.0
6509,15.0
6510,10.0
6511,1.0
6512,8.0
6513,4.0
6514,14.0
6515,0.0
6516,0.0
6517,7.0
6518,0.0
6519,15.0
6520,8.0
6521,0.0
6522,4.0
6523,0.0
6524,0.0
6525,8.0
6526,15.0
6527,0.0
6528,0.0
6529,9.0
6530,0.0
6531,1.0
6532,2.0
6533,15.0
6534,15.0
6535,4.0
6536,13.0
6537,12.0
6538,5.0
6539,15.0
6540,0.0
6541,13.0
6542,1.0
6543,4.0
6544,4.0
6545,12.0
6546,0.0
6547,15.0
6548,9.0
6549,14.0
6550,9.0
6551,4.0
6552,3.0
6553,0.0
6554,9.0
6555,0.0
6556,14.0
6557,15.0
6558,4.0
6559,8.0
6560,8.0
6561,4.0
6562,0.0
6563,6.0
6564,4.0
6565,9.0
6566,14.0
6567,9.0
6568,1.0
6569,14.0
6570,13.0
6571,15.0
6572,4.0
6573,15.0
6574,15.0
6575,0.0
6576,9.0
6577,5.0
6578,0.0
6579,13.0
6580,15.0
6581,5.0
6582,9.0
6583,1.0
6584,5.0
6585,0.0
6586,4.0
6587,15.0
6588,15.0
6589,0.0
6590,9.0
6591,12.0
6592,0.0
6593,2.0
6594,4.0
6595,5.0
6596,2.0
6597,0.0
6598,10.0
6599,9.0
6600,12.0
6601,12.0
6602,8.0
6603,4.0
6604,3.0
6605,15.0
6606,13.0
6607,0.0
6608,10.0
6609,3.0
6610,9.0
6611,10.0
6612,4.0
6613,8.0
6614,15.0
6615,5.0
6616,7.0
6617,0.0
6618,3.0
6619,5.0
6620,5.0
6621,3.0
6622,10.0
6623,8.0
6624,0.0
6625,3.0
6626,15.0
6627,9.0
6628,0.0
6629,9.0
6630,0.0
6631,9.0
6632,4.0
6633,9.0
6634,0.0
6635,4.0
6636,1.0
6637,8.0
6638,14.0
6639,4.0
6640,15.0
6641,4.0
6642,14.0
6643,14.0
6644,0.0
6645,3.0
6646,4.0
6647,14.0
6648,5.0
6649,15.0
6650,8.0
6651,8.0
6652,10.0
6653,0.0
6654,0.0
6655,4.0
6656,10.0
6657,4.0
6658,0.0
6659,14.0
6660,0.0
6661,12.0
6662,4.0
6663,0.0
6664,0.0
6665,15.0
6666,0.0
6667,9.0
6668,10.0
6669,12.0
6670,14.0
6671,4.0
6672,3.0
6673,14.0
6674,3.0
6675,4.0
6676,12.0
6677,0.0
6678,13.0
6679,7.0
6680,2.0
6681,0.0
6682,4.0
6683,13.0
6684,4.0
6685,0.0
6686,10.0
6687,5.0
6688,2.0
6689,5.0
6690,9.0
6691,8.0
6692,13.0
6693,4.0
6694,8.0
6695,3.0
6696,5.0
6697,0.0
6698,4.0
6699,0.0
6700,4.0
6701,15.0
6702,5.0
6703,14.0
6704,0.0
6705,4.0
6706,13.0
6707,4.0
6708,14.0
6709,9.0
6710,0.0
6711,5.0
6712,11.0
6713,14.0
6714,2.0
6715,7.0
6716,0.0
6717,1.0
6718,9.0
6719,9.0
6720,0.0
6721,9.0
6722,0.0
6723,13.0
6724,3.0
6725,14.0
6726,3.0
6727,10.0
6728,13.0
6729,0.0
6730,0.0
6731,13.0
6732,13.0
6733,0.0
6734,12.0
6735,4.0
6736,15.0
6737,10.0
6738,15.0
6739,0.0
6740,9.0
6741,14.0
6742,15.0
6743,13.0
6744,9.0
6745,9.0
6746,15.0
6747,14.0
6748,15.0
6749,5.0
6750,4.0
6751,13.0
6752,4.0
6753,8.0
6754,2.0
6755,0.0
6756,8.0
6757,0.0
6758,1.0
6759,7.0
6760,5.0
6761,15.0
6762,0.0
6763,0.0
6764,4.0
6765,14.0
6766,0.0
6767,4.0
6768,0.0
6769,8.0
6770,8.0
6771,14.0
6772,4.0
6773,0.0
6774,12.0
6775,2.0
6776,10.0
6777,6.0
6778,0.0
6779,15.0
6780,5.0
6781,4.0
6782,0.0
6783,13.0
6784,4.0
6785,14.0
6786,13.0
6787,15.0
6788,14.0
6789,5.0
6790,5.0
6791,9.0
6792,1.0
6793,12.0
6794,5.0
6795,14.0
6796,14.0
6797,14.0
6798,3.0
6799,13.0
6800,10.0
6801,0.0
6802,14.0
6803,12.0
6804,0.0
6805,1.0
6806,10.0
6807,14.0
6808,0.0
6809,10.0
6810,5.0
6811,14.0
6812,2.0
6813,13.0
6814,5.0
6815,4.0
6816,15.0
6817,1.0
6818,10.0
6819,14.0
6820,5.0
6821,15.0
6822,15.0
6823,4.0
6824,0.0
6825,7.0
6826,12.0
6827,5.0
6828,0.0
6829,0.0
6830,4.0
6831,4.0
6832,12.0
6833,4.0
6834,14.0
6835,4.0
6836,14.0
6837,6.0
6838,9.0
6839,2.0
6840,0.0
6841,5.0
6842,4.0
6843,12.0
6844,8.0
6845,2.0
6846,12.0
6847,0.0
6848,14.0
6849,0.0
6850,4.0
6851,5.0
6852,4.0
6853,0.0
6854,15.0
6855,0.0
6856,7.0
6857,0.0
6858,15.0
6859,15.0
6860,3.0
6861,1.0
6862,4.0
6863,13.0
6864,4.0
6865,5.0
6866,0.0
6867,3.0
6868,6.0
6869,0.0
6870,0.0
6871,4.0
6872,0.0
6873,0.0
6874,9.0
6875,0.0
6876,4.0
6877,5.0
6878,0.0
6879,3.0
6880,5.0
6881,13.0
6882,0.0
6883,15.0
6884,0.0
6885,0.0
6886,4.0
6887,10.0
6888,4.0
6889,0.0
6890,14.0
6891,4.0
6892,15.0
6893,14.0
6894,3.0
6895,0.0
6896,8.0
6897,0.0
6898,12.0
6899,15.0
6900,1.0
6901,0.0
6902,14.0
6903,2.0
6904,0.0
6905,14.0
6906,14.0
6907,4.0
6908,4.0
6909,13.0
6910,0.0
6911,0.0
6912,0.0
6913,13.0
6914,0.0
6915,12.0
6916,4.0
6917,4.0
6918,15.0
6919,15.0
6920,15.0
6921,5.0
6922,4.0
6923,2.0
6924,7.0
6925,10.0
6926,0.0
6927,0.0
6928,14.0
6929,15.0
6930,0.0
6931,9.0
6932,11.0
6933,5.0
6934,4.0
6935,13.0
6936,9.0
6937,5.0
6938,1.0
6939,15.0
6940,0.0
6941,0.0
6942,10.0
6943,5.0
6944,4.0
6945,9.0
6946,14.0
6947,14.0
6948,9.0
6949,10.0
6950,14.0
6951,14.0
6952,7.0
6953,5.0
6954,0.0
6955,5.0
6956,9.0
6957,15.0
6958,4.0
6959,15.0
6960,9.0
6961,14.0
6962,0.0
6963,9.0
6964,13.0
6965,0.0
6966,4.0
6967,8.0
6968,13.0
6969,3.0
6970,7.0
6971,10.0
6972,14.0
6973,9.0
6974,3.0
6975,0.0
6976,8.0
6977,4.0
6978,5.0
6979,15.0
6980,2.0
6981,9.0
6982,0.0
6983,0.0
6984,15.0
6985,14.0
6986,4.0
6987,7.0
6988,0.0
6989,0.0
6990,8.0
6991,1.0
6992,0.0
6993,8.0
6994,0.0
6995,4.0
6996,7.0
6997,0.0
6998,14.0
6999,4.0
7000,4.0
7001,4.0
7002,14.0
7003,9.0
7004,0.0
7005,0.0
7006,0.0
7007,14.0
7008,10.0
7009,14.0
7010,5.0
7011,3.0
7012,0.0
7013,5.0
7014,0.0
7015,15.0
7016,14.0
7017,1.0
7018,0.0
7019,3.0
7020,12.0
7021,0.0
7022,12.0
7023,0.0
7024,4.0
7025,0.0
7026,8.0
7027,14.0
7028,7.0
7029,4.0
7030,4.0
7031,8.0
7032,5.0
7033,4.0
7034,14.0
7035,12.0
7036,14.0
7037,0.0
7038,4.0
7039,5.0
7040,8.0
7041,0.0
7042,0.0
7043,9.0
7044,0.0
7045,0.0
7046,0.0
7047,13.0
7048,0.0
7049,10.0
7050,4.0
7051,10.0
7052,2.0
7053,0.0
7054,0.0
7055,4.0
7056,13.0
7057,15.0
7058,9.0
7059,9.0
7060,5.0
7061,0.0
7062,5.0
7063,2.0
7064,14.0
7065,5.0
7066,10.0
7067,0.0
7068,14.0
7069,4.0
7070,15.0
7071,14.0
7072,13.0
7073,4.0
7074,14.0
7075,0.0
7076,4.0
7077,0.0
7078,14.0
7079,5.0
7080,14.0
7081,15.0
7082,10.0
7083,0.0
7084,2.0
7085,10.0
7086,9.0
7087,14.0
7088,10.0
7089,5.0
7090,6.0
7091,0.0
7092,8.0
7093,4.0
7094,0.0
7095,5.0
7096,3.0
7097,14.0
7098,1.0
7099,7.0
7100,12.0
7101,5.0
7102,15.0
7103,4.0
7104,2.0
7105,15.0
7106,3.0
7107,0.0
7108,14.0
7109,4.0
7110,5.0
7111,14.0
7112,0.0
7113,4.0
7114,4.0
7115,15.0
7116,0.0
7117,0.0
7118,15.0
7119,14.0
7120,4.0
7121,7.0
7122,4.0
7123,7.0
7124,0.0
7125,9.0
7126,5.0
7127,9.0
7128,14.0
7129,13.0
7130,0.0
7131,10.0
7132,8.0
7133,0.0
7134,12.0
7135,12.0
7136,9.0
7137,0.0
7138,1.0
7139,9.0
7140,15.0
7141,9.0
7142,9.0
7143,3.0
7144,10.0
7145,9.0
7146,0.0
7147,4.0
7148,14.0
7149,4.0
7150,0.0
7151,14.0
7152,9.0
7153,12.0
7154,4.0
7155,2.0
7156,9.0
7157,15.0
7158,15.0
7159,0.0
7160,13.0
7161,12.0
7162,5.0
7163,13.0
7164,5.0
7165,0.0
7166,13.0
7167,9.0
7168,13.0
7169,5.0
7170,14.0
7171,15.0
7172,0.0
7173,10.0
7174,10.0
7175,14.0
7176,5.0
7177,10.0
7178,3.0
7179,0.0
7180,8.0
7181,0.0
7182,0.0
7183,4.0
7184,2.0
7185,0.0
7186,13.0
7187,5.0
7188,13.0
7189,13.0
7190,0.0
7191,9.0
7192,13.0
7193,0.0
7194,5.0
7195,4.0
7196,14.0
7197,5.0
7198,14.0
7199,10.0
7200,15.0
7201,0.0
7202,7.0
7203,14.0
7204,4.0
7205,8.0
7206,0.0
7207,4.0
7208,0.0
7209,10.0
7210,9.0
7211,5.0
7212,4.0
7213,10.0
7214,0.0
7215,12.0
7216,10.0
7217,0.0
7218,0.0
7219,2.0
7220,0.0
7221,5.0
7222,9.0
7223,10.0
7224,0.0
7225,4.0
7226,0.0
7227,0.0
7228,9.0
7229,3.0
7230,15.0
7231,0.0
7232,14.0
7233,14.0
7234,0.0
7235,4.0
7236,0.0
7237,0.0
7238,4.0
7239,2.0
7240,0.0
7241,0.0
7242,0.0
7243,0.0
7244,0.0
7245,1.0
7246,5.0
7247,9.0
7248,14.0
7249,10.0
7250,15.0
7251,15.0
7252,3.0
7253,13.0
7254,0.0
7255,5.0
7256,6.0
7257,3.0
7258,11.0
7259,5.0
7260,8.0
7261,15.0
7262,3.0
7263,0.0
7264,7.0
7265,9.0
7266,1.0
7267,0.0
7268,0.0
7269,4.0
7270,5.0
7271,12.0
7272,5.0
7273,2.0
7274,12.0
7275,10.0
7276,14.0
7277,0.0
7278,0.0
7279,4.0
7280,14.0
7281,10.0
7282,2.0
7283,14.0
7284,0.0
7285,8.0
7286,2.0
7287,14.0
7288,13.0
7289,4.0
7290,0.0
7291,2.0
7292,2.0
7293,10.0
7294,0.0
7295,13.0
7296,5.0
7297,5.0
7298,0.0
7299,0.0
7300,5.0
7301,2.0
7302,5.0
7303,9.0
7304,5.0
7305,4.0
7306,8.0
7307,5.0
7308,14.0
7309,14.0
7310,0.0
7311,9.0
7312,3.0
7313,12.0
7314,5.0
7315,15.0
7316,3.0
7317,7.0
7318,5.0
7319,4.0
7320,0.0
7321,0.0
7322,4.0
7323,0.0
7324,9.0
7325,15.0
7326,15.0
7327,2.0
7328,10.0
7329,5.0
7330,14.0
7331,10.0
7332,5.0
7333,0.0
7334,7.0
7335,4.0
7336,4.0
7337,9.0
7338,15.0
7339,0.0
7340,2.0
7341,12.0
7342,4.0
7343,11.0
7344,5.0
7345,15.0
7346,0.0
7347,10.0
7348,8.0
7349,0.0
7350,1.0
7351,0.0
7352,4.0
7353,15.0
7354,15.0
7355,5.0
7356,4.0
7357,4.0
7358,0.0
7359,15.0
7360,8.0
7361,5.0
7362,4.0
7363,12.0
7364,15.0
7365,1.0
7366,0.0
7367,0.0
7368,1.0
7369,5.0
7370,7.0
7371,10.0
7372,0.0
7373,14.0
7374,4.0
7375,10.0
7376,4.0
7377,1.0
7378,9.0
7379,2.0
7380,11.0
7381,1.0
7382,14.0
7383,2.0
7384,0.0
7385,9.0
7386,8.0
7387,15.0
7388,7.0
7389,8.0
7390,0.0
7391,0.0
7392,14.0
7393,7.0
7394,7.0
7395,15.0
7396,4.0
7397,4.0
7398,9.0
7399,14.0
7400,13.0
7401,14.0
7402,15.0
7403,13.0
7404,0.0
7405,5.0
7406,10.0
7407,1.0
7408,13.0
7409,4.0
7410,2.0
7411,14.0
7412,5.0
7413,0.0
7414,0.0
7415,4.0
7416,10.0
7417,4.0
7418,14.0
7419,5.0
7420,15.0
7421,15.0
7422,15.0
7423,0.0
7424,0.0
7425,14.0
7426,5.0
7427,7.0
7428,14.0
7429,9.0
7430,7.0
7431,15.0
7432,10.0
7433,0.0
7434,5.0
7435,14.0
7436,15.0
7437,2.0
7438,4.0
7439,9.0
7440,8.0
7441,4.0
7442,13.0
7443,15.0
7444,13.0
7445,13.0
7446,0.0
7447,2.0
7448,10.0
7449,5.0
7450,14.0
7451,0.0
7452,0.0
7453,14.0
7454,4.0
7455,9.0
7456,1.0
7457,10.0
7458,5.0
7459,4.0
7460,9.0
7461,0.0
7462,9.0
7463,15.0
7464,0.0
7465,0.0
7466,14.0
7467,15.0
7468,14.0
7469,13.0
7470,0.0
7471,14.0
7472,2.0
7473,14.0
7474,10.0
7475,0.0
7476,14.0
7477,15.0
7478,12.0
7479,1.0
7480,0.0
7481,15.0
7482,4.0
7483,5.0
7484,15.0
7485,5.0
7486,13.0
7487,5.0
7488,13.0
7489,4.0
7490,0.0
7491,8.0
7492,8.0
7493,13.0
7494,13.0
7495,14.0
7496,0.0
7497,0.0
7498,14.0
7499,4.0
7500,9.0
7501,5.0
7502,12.0
7503,14.0
7504,4.0
7505,0.0
7506,1.0
7507,0.0
7508,15.0
7509,13.0
7510,15.0
7511,12.0
7512,10.0
7513,5.0
7514,14.0
7515,0.0
7516,0.0
7517,4.0
7518,4.0
7519,1.0
7520,0.0
7521,4.0
7522,9.0
7523,10.0
7524,0.0
7525,0.0
7526,0.0
7527,14.0
7528,13.0
7529,15.0
7530,0.0
7531,8.0
7532,7.0
7533,1.0
7534,15.0
7535,0.0
7536,7.0
7537,13.0
7538,13.0
7539,10.0
7540,0.0
7541,15.0
7542,4.0
7543,0.0
7544,15.0
7545,13.0
7546,0.0
7547,14.0
7548,14.0
7549,5.0
7550,9.0
7551,3.0
7552,13.0
7553,2.0
7554,0.0
7555,6.0
7556,2.0
7557,4.0
7558,9.0
7559,14.0
7560,15.0
7561,0.0
7562,4.0
7563,4.0
7564,14.0
7565,0.0
7566,14.0
7567,0.0
7568,4.0
7569,0.0
7570,8.0
7571,10.0
7572,0.0
7573,9.0
7574,15.0
7575,0.0
7576,0.0
7577,14.0
7578,0.0
7579,13.0
7580,11.0
7581,0.0
7582,4.0
7583,3.0
7584,0.0
7585,14.0
7586,9.0
7587,9.0
7588,13.0
7589,15.0
7590,0.0
7591,1.0
7592,1.0
7593,15.0
7594,5.0
7595,4.0
7596,12.0
7597,2.0
7598,1.0
7599,13.0
7600,12.0
7601,13.0
7602,13.0
7603,12.0
7604,13.0
7605,8.0
7606,9.0
7607,9.0
7608,4.0
7609,4.0
7610,0.0
7611,15.0
7612,4.0
7613,12.0
7614,8.0
7615,15.0
7616,0.0
7617,13.0
7618,5.0
7619,12.0
7620,7.0
7621,0.0
7622,0.0
7623,15.0
7624,0.0
7625,2.0
7626,14.0
7627,13.0
7628,4.0
7629,14.0
7630,0.0
7631,5.0
7632,7.0
7633,8.0
7634,4.0
7635,0.0
7636,0.0
7637,15.0
7638,0.0
7639,4.0
7640,14.0
7641,14.0
7642,9.0
7643,15.0
7644,9.0
7645,13.0
7646,8.0
7647,10.0
7648,0.0
7649,15.0
7650,3.0
7651,2.0
7652,9.0
7653,0.0
7654,9.0
7655,3.0
7656,5.0
7657,0.0
7658,8.0
7659,0.0
7660,0.0
7661,14.0
7662,11.0
7663,0.0
7664,14.0
7665,4.0
7666,4.0
7667,10.0
7668,15.0
7669,14.0
7670,9.0
7671,14.0
7672,4.0
7673,14.0
7674,14.0
7675,7.0
7676,4.0
7677,9.0
7678,0.0
7679,15.0
7680,12.0
7681,15.0
7682,1.0
7683,14.0
7684,0.0
7685,4.0
7686,1.0
7687,13.0
7688,9.0
7689,14.0
7690,13.0
7691,8.0
7692,15.0
7693,4.0
7694,12.0
7695,9.0
7696,15.0
7697,0.0
7698,10.0
7699,14.0
7700,0.0
7701,14.0
7702,8.0
7703,13.0
7704,0.0
7705,0.0
7706,0.0
7707,2.0
7708,2.0
7709,15.0
7710,2.0
7711,2.0
7712,9.0
7713,14.0
7714,4.0
7715,9.0
7716,13.0
7717,0.0
7718,9.0
7719,13.0
7720,12.0
7721,10.0
7722,14.0
7723,13.0
7724,0.0
7725,9.0
7726,2.0
7727,2.0
7728,0.0
7729,2.0
7730,15.0
7731,13.0
7732,7.0
7733,0.0
7734,0.0
7735,10.0
7736,0.0
7737,0.0
7738,0.0
7739,4.0
7740,4.0
7741,4.0
7742,5.0
7743,14.0
7744,4.0
7745,9.0
7746,0.0
7747,1.0
7748,10.0
7749,5.0
7750,4.0
7751,13.0
7752,13.0
7753,8.0
7754,4.0
7755,12.0
7756,4.0
7757,4.0
7758,13.0
7759,13.0
7760,5.0
7761,0.0
7762,0.0
7763,14.0
7764,4.0
7765,5.0
7766,0.0
7767,10.0
7768,12.0
7769,14.0
7770,0.0
7771,9.0
7772,0.0
7773,0.0
7774,5.0
7775,0.0
7776,0.0
7777,14.0
7778,9.0
7779,9.0
7780,8.0
7781,4.0
7782,15.0
7783,9.0
7784,10.0
7785,12.0
7786,0.0
7787,5.0
7788,15.0
7789,15.0
7790,4.0
7791,0.0
7792,0.0
7793,5.0
7794,8.0
7795,8.0
7796,1.0
7797,14.0
7798,4.0
7799,0.0
7800,8.0
7801,14.0
7802,4.0
7803,0.0
7804,0.0
7805,0.0
7806,4.0
7807,7.0
7808,13.0
7809,0.0
7810,0.0
7811,0.0
7812,5.0
7813,7.0
7814,3.0
7815,8.0
7816,0.0
7817,4.0
7818,9.0
7819,3.0
7820,8.0
7821,13.0
7822,0.0
7823,4.0
7824,0.0
7825,2.0
7826,14.0
7827,13.0
7828,0.0
7829,14.0
7830,0.0
7831,15.0
7832,0.0
7833,14.0
7834,14.0
7835,10.0
7836,15.0
7837,0.0
7838,4.0
7839,2.0
7840,4.0
7841,14.0
7842,0.0
7843,5.0
7844,5.0
7845,8.0
7846,12.0
7847,4.0
7848,5.0
7849,10.0
7850,0.0
7851,4.0
7852,11.0
7853,10.0
7854,2.0
7855,9.0
7856,9.0
7857,15.0
7858,15.0
7859,0.0
7860,9.0
7861,13.0
7862,1.0
7863,0.0
7864,10.0
7865,14.0
7866,0.0
7867,15.0
7868,9.0
7869,4.0
7870,4.0
7871,5.0
7872,0.0
7873,14.0
7874,14.0
7875,8.0
7876,5.0
7877,15.0
7878,0.0
7879,2.0
7880,15.0
7881,9.0
7882,5.0
7883,13.0
7884,10.0
7885,0.0
7886,0.0
7887,0.0
7888,15.0
7889,5.0
7890,10.0
7891,14.0
7892,10.0
7893,15.0
7894,0.0
7895,15.0
7896,0.0
7897,4.0
7898,14.0
7899,0.0
7900,15.0
7901,15.0
7902,12.0
7903,14.0
7904,0.0
7905,4.0
7906,2.0
7907,0.0
7908,4.0
7909,8.0
7910,15.0
7911,4.0
7912,13.0
7913,14.0
7914,14.0
7915,0.0
7916,5.0
7917,13.0
7918,0.0
7919,7.0
7920,1.0
7921,1.0
7922,15.0
7923,15.0
7924,14.0
7925,4.0
7926,13.0
7927,9.0
7928,0.0
7929,0.0
7930,15.0
7931,12.0
7932,0.0
7933,0.0
7934,8.0
7935,13.0
7936,11.0
7937,4.0
7938,3.0
7939,14.0
7940,0.0
7941,0.0
7942,15.0
7943,10.0
7944,8.0
7945,15.0
7946,0.0
7947,4.0
7948,0.0
7949,10.0
7950,4.0
7951,0.0
7952,10.0
7953,0.0
7954,9.0
7955,5.0
7956,14.0
7957,5.0
7958,0.0
7959,4.0
7960,0.0
7961,12.0
7962,9.0
7963,4.0
7964,0.0
7965,14.0
7966,13.0
7967,14.0
7968,9.0
7969,9.0
7970,1.0
7971,0.0
7972,13.0
7973,9.0
7974,0.0
7975,14.0
7976,9.0
7977,4.0
7978,0.0
7979,9.0
7980,15.0
7981,5.0
7982,15.0
7983,3.0
7984,0.0
7985,5.0
7986,10.0
7987,0.0
7988,0.0
7989,0.0
7990,13.0
7991,15.0
7992,14.0
7993,5.0
7994,0.0
7995,9.0
7996,4.0
7997,4.0
7998,4.0
7999,4.0
8000,4.0
8001,2.0
8002,4.0
8003,12.0
8004,14.0
8005,4.0
8006,13.0
8007,5.0
8008,9.0
8009,3.0
8010,14.0
8011,9.0
8012,0.0
8013,4.0
8014,13.0
8015,14.0
8016,0.0
8017,0.0
8018,13.0
8019,15.0
8020,15.0
8021,0.0
8022,0.0
8023,15.0
8024,0.0
8025,0.0
8026,4.0
8027,8.0
8028,14.0
8029,5.0
8030,0.0
8031,4.0
8032,14.0
8033,8.0
8034,14.0
8035,5.0
8036,4.0
8037,13.0
8038,1.0
8039,5.0
8040,5.0
8041,0.0
8042,15.0
8043,0.0
8044,14.0
8045,10.0
8046,10.0
8047,0.0
8048,10.0
8049,15.0
8050,10.0
8051,13.0
8052,0.0
8053,0.0
8054,14.0
8055,1.0
8056,15.0
8057,9.0
8058,13.0
8059,4.0
8060,0.0
8061,0.0
8062,15.0
8063,4.0
8064,4.0
8065,14.0
8066,0.0
8067,0.0
8068,15.0
8069,4.0
8070,10.0
8071,0.0
8072,14.0
8073,0.0
8074,14.0
8075,0.0
8076,0.0
8077,14.0
8078,8.0
8079,12.0
8080,5.0
8081,4.0
8082,9.0
8083,0.0
8084,7.0
8085,0.0
8086,2.0
8087,12.0
8088,0.0
8089,0.0
8090,2.0
8091,4.0
8092,1.0
8093,14.0
8094,0.0
8095,0.0
8096,14.0
8097,9.0
8098,14.0
8099,5.0
8100,12.0
8101,9.0
8102,13.0
8103,4.0
8104,9.0
8105,15.0
8106,0.0
8107,3.0
8108,14.0
8109,0.0
8110,12.0
8111,9.0
8112,5.0
8113,8.0
8114,4.0
8115,14.0
8116,5.0
8117,5.0
8118,4.0
8119,0.0
8120,5.0
8121,7.0
8122,10.0
8123,13.0
8124,4.0
8125,4.0
8126,4.0
8127,5.0
8128,5.0
8129,7.0
8130,10.0
8131,14.0
8132,0.0
8133,8.0
8134,15.0
8135,14.0
8136,10.0
8137,3.0
8138,10.0
8139,15.0
8140,1.0
8141,0.0
8142,12.0
8143,12.0
8144,15.0
8145,15.0
8146,14.0
8147,2.0
8148,10.0
8149,0.0
8150,4.0
8151,15.0
8152,0.0
8153,15.0
8154,13.0
8155,9.0
8156,14.0
8157,5.0
8158,5.0
8159,0.0
8160,13.0
8161,15.0
8162,13.0
8163,5.0
8164,0.0
8165,12.0
8166,4.0
8167,0.0
8168,13.0
8169,15.0
8170,0.0
8171,14.0
8172,1.0
8173,15.0
8174,10.0
8175,0.0
8176,14.0
8177,1.0
8178,2.0
8179,10.0
8180,15.0
8181,2.0
8182,4.0
8183,0.0
8184,1.0
8185,10.0
8186,4.0
8187,8.0
8188,15.0
8189,2.0
8190,3.0
8191,9.0
8192,15.0
8193,9.0
8194,9.0
8195,2.0
8196,14.0
8197,4.0
8198,0.0
8199,7.0
8200,5.0
8201,9.0
8202,0.0
8203,0.0
8204,10.0
8205,15.0
8206,7.0
8207,0.0
8208,9.0
8209,0.0
8210,15.0
8211,0.0
8212,9.0
8213,8.0
8214,14.0
8215,4.0
8216,13.0
8217,4.0
8218,5.0
8219,0.0
8220,4.0
8221,9.0
8222,4.0
8223,4.0
8224,13.0
8225,14.0
8226,13.0
8227,2.0
8228,0.0
8229,4.0
8230,14.0
8231,0.0
8232,15.0
8233,0.0
8234,14.0
8235,4.0
8236,0.0
8237,5.0
8238,5.0
8239,0.0
8240,14.0
8241,11.0
8242,4.0
8243,9.0
8244,14.0
8245,3.0
8246,10.0
8247,9.0
8248,0.0
8249,1.0
8250,15.0
8251,4.0
8252,3.0
8253,14.0
8254,4.0
8255,14.0
8256,5.0
8257,5.0
8258,0.0
8259,4.0
8260,10.0
8261,0.0
8262,6.0
8263,4.0
8264,0.0
8265,15.0
8266,4.0
8267,4.0
8268,0.0
8269,14.0
8270,13.0
8271,0.0
8272,13.0
8273,3.0
8274,0.0
8275,4.0
8276,8.0
8277,14.0
8278,5.0
8279,14.0
8280,12.0
8281,0.0
8282,15.0
8283,2.0
8284,0.0
8285,4.0
8286,4.0
8287,14.0
8288,12.0
8289,9.0
8290,12.0
8291,0.0
8292,15.0
8293,14.0
8294,2.0
8295,4.0
8296,10.0
8297,8.0
8298,9.0
8299,14.0
8300,4.0
8301,0.0
8302,2.0
8303,5.0
8304,9.0
8305,14.0
8306,3.0
8307,5.0
8308,14.0
8309,9.0
8310,5.0
8311,1.0
8312,2.0
8313,12.0
8314,1.0
8315,14.0
8316,4.0
8317,0.0
8318,4.0
8319,5.0
8320,0.0
8321,8.0
8322,15.0
8323,15.0
8324,4.0
8325,1.0
8326,9.0
8327,4.0
8328,4.0
8329,9.0
8330,15.0
8331,0.0
8332,0.0
8333,0.0
8334,13.0
8335,5.0
8336,15.0
8337,13.0
8338,8.0
8339,1.0
8340,0.0
8341,13.0
8342,0.0
8343,14.0
8344,0.0
8345,3.0
8346,15.0
8347,4.0
8348,0.0
8349,13.0
8350,7.0
8351,0.0
8352,13.0
8353,3.0
8354,0.0
8355,14.0
8356,7.0
8357,7.0
8358,0.0
8359,2.0
8360,10.0
8361,0.0
8362,0.0
8363,14.0
8364,0.0
8365,0.0
8366,14.0
8367,14.0
8368,9.0
8369,4.0
8370,0.0
8371,15.0
8372,15.0
8373,10.0
8374,8.0
8375,15.0
8376,10.0
8377,14.0
8378,4.0
8379,9.0
8380,12.0
8381,14.0
8382,0.0
8383,0.0
8384,0.0
8385,3.0
8386,9.0
8387,9.0
8388,10.0
8389,13.0
8390,5.0
8391,14.0
8392,2.0
8393,2.0
8394,10.0
8395,9.0
8396,14.0
8397,4.0
8398,15.0
8399,0.0
8400,5.0
8401,4.0
8402,4.0
8403,13.0
8404,0.0
8405,8.0
8406,8.0
8407,1.0
8408,5.0
8409,1.0
8410,0.0
8411,8.0
8412,9.0
8413,8.0
8414,10.0
8415,0.0
8416,8.0
8417,9.0
8418,3.0
8419,4.0
8420,5.0
8421,14.0
8422,15.0
8423,1.0
8424,13.0
8425,0.0
8426,9.0
8427,2.0
8428,1.0
8429,3.0
8430,10.0
8431,0.0
8432,14.0
8433,4.0
8434,13.0
8435,8.0
8436,4.0
8437,0.0
8438,0.0
8439,0.0
8440,0.0
8441,14.0
8442,7.0
8443,3.0
8444,0.0
8445,14.0
8446,14.0
8447,9.0
8448,4.0
8449,14.0
8450,10.0
8451,4.0
8452,4.0
8453,5.0
8454,4.0
8455,0.0
8456,9.0
8457,15.0
8458,9.0
8459,0.0
8460,13.0
8461,4.0
8462,0.0
8463,14.0
8464,9.0
8465,15.0
8466,0.0
8467,14.0
8468,14.0
8469,0.0
8470,15.0
8471,15.0
8472,0.0
8473,7.0
8474,8.0
8475,0.0
8476,4.0
8477,3.0
8478,9.0
8479,0.0
8480,0.0
8481,14.0
8482,13.0
8483,1.0
8484,0.0
8485,3.0
8486,10.0
8487,12.0
8488,5.0
8489,0.0
8490,11.0
8491,14.0
8492,15.0
8493,0.0
8494,9.0
8495,0.0
8496,10.0
8497,15.0
8498,9.0
8499,3.0
8500,8.0
8501,1.0
8502,13.0
8503,9.0
8504,9.0
8505,1.0
8506,7.0
8507,0.0
8508,1.0
8509,0.0
8510,0.0
8511,5.0
8512,14.0
8513,10.0
8514,4.0
8515,12.0
8516,0.0
8517,8.0
8518,0.0
8519,4.0
8520,4.0
8521,14.0
8522,15.0
8523,15.0
8524,0.0
8525,0.0
8526,12.0
8527,4.0
8528,4.0
8529,14.0
8530,10.0
8531,14.0
8532,4.0
8533,14.0
8534,15.0
8535,6.0
8536,4.0
8537,12.0
8538,7.0
8539,15.0
8540,0.0
8541,2.0
8542,10.0
8543,1.0
8544,9.0
8545,13.0
8546,9.0
8547,3.0
8548,4.0
8549,0.0
8550,0.0
8551,8.0
8552,14.0
8553,0.0
8554,13.0
8555,0.0
8556,8.0
8557,5.0
8558,14.0
8559,2.0
8560,10.0
8561,13.0
8562,14.0
8563,13.0
8564,1.0
8565,9.0
8566,7.0
8567,10.0
8568,9.0
8569,4.0
8570,2.0
8571,5.0
8572,13.0
8573,8.0
8574,14.0
8575,8.0
8576,15.0
8577,4.0
8578,4.0
8579,9.0
8580,0.0
8581,4.0
8582,12.0
8583,15.0
8584,15.0
8585,4.0
8586,14.0
8587,13.0
8588,0.0
8589,10.0
8590,0.0
8591,4.0
8592,13.0
8593,14.0
8594,4.0
8595,4.0
8596,0.0
8597,15.0
8598,0.0
8599,0.0
8600,4.0
8601,14.0
8602,15.0
8603,7.0
8604,4.0
8605,0.0
8606,15.0
8607,5.0
8608,4.0
8609,7.0
8610,10.0
8611,0.0
8612,4.0
8613,10.0
8614,14.0
8615,9.0
8616,0.0
8617,8.0
8618,14.0
8619,12.0
8620,5.0
8621,3.0
8622,4.0
8623,13.0
8624,0.0
8625,2.0
8626,12.0
8627,14.0
8628,0.0
8629,14.0
8630,4.0
8631,5.0
8632,13.0
8633,4.0
8634,15.0
8635,4.0
8636,14.0
8637,10.0
8638,4.0
8639,5.0
8640,13.0
8641,0.0
8642,9.0
8643,14.0
8644,13.0
8645,5.0
8646,2.0
8647,5.0
8648,15.0
8649,13.0
8650,0.0
8651,5.0
8652,0.0
8653,4.0
8654,0.0
8655,15.0
8656,1.0
8657,12.0
8658,10.0
8659,12.0
8660,10.0
8661,1.0
8662,8.0
8663,0.0
8664,13.0
8665,9.0
8666,15.0
8667,3.0
8668,1.0
8669,15.0
8670,0.0
8671,14.0
8672,0.0
8673,13.0
8674,15.0
8675,13.0
8676,2.0
8677,12.0
8678,15.0
8679,10.0
8680,0.0
8681,0.0
8682,3.0
8683,0.0
8684,4.0
8685,13.0
8686,5.0
8687,15.0
8688,14.0
8689,14.0
8690,4.0
8691,4.0
8692,0.0
8693,4.0
8694,0.0
8695,12.0
8696,2.0
8697,4.0
8698,13.0
8699,0.0
8700,4.0
8701,15.0
8702,0.0
8703,14.0
8704,10.0
8705,14.0
8706,0.0
8707,12.0
8708,14.0
8709,9.0
8710,12.0
8711,15.0
8712,10.0
8713,8.0
8714,0.0
8715,0.0
8716,15.0
8717,4.0
8718,0.0
8719,0.0
8720,0.0
8721,15.0
8722,1.0
8723,0.0
8724,4.0
8725,15.0
8726,0.0
8727,0.0
8728,9.0
8729,14.0
8730,0.0
8731,14.0
8732,2.0
8733,2.0
8734,14.0
8735,15.0
8736,3.0
8737,5.0
8738,12.0
8739,0.0
8740,5.0
8741,0.0
8742,9.0
8743,2.0
8744,0.0
8745,5.0
8746,0.0
8747,7.0
8748,7.0
8749,15.0
8750,15.0
8751,9.0
8752,0.0
8753,0.0
8754,0.0
8755,4.0
8756,13.0
8757,0.0
8758,0.0
8759,2.0
8760,2.0
8761,0.0
8762,10.0
8763,0.0
8764,0.0
8765,13.0
8766,0.0
8767,0.0
8768,4.0
8769,8.0
8770,15.0
8771,0.0
8772,0.0
8773,15.0
8774,9.0
8775,8.0
8776,0.0
8777,3.0
8778,4.0
8779,0.0
8780,0.0
8781,5.0
8782,2.0
8783,4.0
8784,0.0
8785,4.0
8786,9.0
8787,15.0
8788,0.0
8789,14.0
8790,5.0
8791,4.0
8792,14.0
8793,4.0
8794,0.0
8795,5.0
8796,14.0
8797,13.0
8798,5.0
8799,0.0
8800,5.0
8801,5.0
8802,4.0
8803,0.0
8804,15.0
8805,0.0
8806,0.0
8807,5.0
8808,2.0
8809,13.0
8810,12.0
8811,14.0
8812,13.0
8813,15.0
8814,10.0
8815,0.0
8816,4.0
8817,9.0
8818,12.0
8819,7.0
8820,10.0
8821,8.0
8822,0.0
8823,4.0
8824,15.0
8825,0.0
8826,4.0
8827,14.0
8828,14.0
8829,0.0
8830,15.0
8831,0.0
8832,0.0
8833,4.0
8834,0.0
8835,15.0
8836,0.0
8837,0.0
8838,2.0
8839,0.0
8840,15.0
8841,12.0
8842,14.0
8843,9.0
8844,0.0
8845,12.0
8846,10.0
8847,4.0
8848,0.0
8849,7.0
8850,0.0
8851,4.0
8852,5.0
8853,2.0
8854,5.0
8855,5.0
8856,10.0
8857,9.0
8858,8.0
8859,13.0
8860,14.0
8861,10.0
8862,4.0
8863,14.0
8864,0.0
8865,12.0
8866,13.0
8867,8.0
8868,9.0
8869,14.0
8870,10.0
8871,13.0
8872,4.0
8873,14.0
8874,8.0
8875,4.0
8876,15.0
8877,0.0
8878,8.0
8879,0.0
8880,0.0
8881,0.0
8882,7.0
8883,9.0
8884,10.0
8885,13.0
8886,15.0
8887,5.0
8888,13.0
8889,5.0
8890,1.0
8891,10.0
8892,10.0
8893,15.0
8894,4.0
8895,15.0
8896,0.0
8897,15.0
8898,10.0
8899,4.0
8900,15.0
8901,0.0
8902,0.0
8903,15.0
8904,0.0
8905,4.0
8906,14.0
8907,5.0
8908,0.0
8909,4.0
8910,14.0
8911,5.0
8912,10.0
8913,14.0
8914,4.0
8915,15.0
8916,14.0
8917,10.0
8918,9.0
8919,0.0
8920,5.0
8921,13.0
8922,5.0
8923,14.0
8924,15.0
8925,10.0
8926,1.0
8927,5.0
8928,15.0
8929,10.0
8930,13.0
8931,12.0
8932,4.0
8933,10.0
8934,0.0
8935,10.0
8936,9.0
8937,0.0
8938,14.0
8939,4.0
8940,0.0
8941,0.0
8942,8.0
8943,4.0
8944,0.0
8945,3.0
8946,3.0
8947,14.0
8948,1.0
8949,3.0
8950,5.0
8951,5.0
8952,0.0
8953,13.0
8954,14.0
8955,0.0
8956,15.0
8957,15.0
8958,14.0
8959,12.0
8960,4.0
8961,0.0
8962,14.0
8963,9.0
8964,4.0
8965,5.0
8966,9.0
8967,0.0
8968,3.0
8969,13.0
8970,1.0
8971,1.0
8972,12.0
8973,9.0
8974,9.0
8975,13.0
8976,3.0
8977,8.0
8978,10.0
8979,14.0
8980,5.0
8981,9.0
8982,0.0
8983,15.0
8984,1.0
8985,3.0
8986,13.0
8987,1.0
8988,4.0
8989,0.0
8990,11.0
8991,4.0
8992,14.0
8993,4.0
8994,14.0
8995,0.0
8996,10.0
8997,0.0
8998,0.0
8999,0.0
9000,4.0
9001,0.0
9002,0.0
9003,7.0
9004,9.0
9005,4.0
9006,5.0
9007,0.0
9008,0.0
9009,15.0
9010,0.0
9011,1.0
9012,3.0
9013,4.0
9014,12.0
9015,5.0
9016,5.0
9017,9.0
9018,0.0
9019,15.0
9020,14.0
9021,1.0
9022,15.0
9023,0.0
9024,4.0
9025,10.0
9026,9.0
9027,0.0
9028,15.0
9029,4.0
9030,0.0
9031,8.0
9032,1.0
9033,0.0
9034,10.0
9035,15.0
9036,1.0
9037,0.0
9038,9.0
9039,4.0
9040,10.0
9041,9.0
9042,0.0
9043,2.0
9044,0.0
9045,15.0
9046,15.0
9047,15.0
9048,2.0
9049,2.0
9050,3.0
9051,0.0
9052,13.0
9053,15.0
9054,4.0
9055,4.0
9056,15.0
9057,4.0
9058,9.0
9059,0.0
9060,3.0
9061,0.0
9062,12.0
9063,0.0
9064,13.0
9065,0.0
9066,13.0
9067,11.0
9068,8.0
9069,0.0
9070,0.0
9071,14.0
9072,14.0
9073,4.0
9074,9.0
9075,10.0
9076,0.0
9077,8.0
9078,5.0
9079,0.0
9080,3.0
9081,3.0
9082,12.0
9083,12.0
9084,4.0
9085,14.0
9086,14.0
9087,1.0
9088,5.0
9089,12.0
9090,4.0
9091,14.0
9092,0.0
9093,4.0
9094,4.0
9095,11.0
9096,4.0
9097,0.0
9098,14.0
9099,2.0
9100,0.0
9101,5.0
9102,8.0
9103,0.0
9104,0.0
9105,0.0
9106,0.0
9107,4.0
9108,0.0
9109,0.0
9110,13.0
9111,4.0
9112,15.0
9113,0.0
9114,0.0
9115,15.0
9116,15.0
9117,4.0
9118,0.0
9119,2.0
9120,1.0
9121,4.0
9122,9.0
9123,0.0
9124,14.0
9125,4.0
9126,3.0
9127,0.0
9128,12.0
9129,9.0
9130,2.0
9131,10.0
9132,4.0
9133,13.0
9134,0.0
9135,14.0
9136,0.0
9137,9.0
9138,14.0
9139,14.0
9140,13.0
9141,15.0
9142,14.0
9143,15.0
9144,8.0
9145,14.0
9146,8.0
9147,2.0
9148,13.0
9149,14.0
9150,0.0
9151,14.0
9152,5.0
9153,15.0
9154,0.0
9155,4.0
9156,9.0
9157,15.0
9158,10.0
9159,4.0
9160,0.0
9161,11.0
9162,15.0
9163,14.0
9164,0.0
9165,11.0
9166,3.0
9167,0.0
9168,8.0
9169,0.0
9170,13.0
9171,10.0
9172,8.0
9173,14.0
9174,0.0
9175,15.0
9176,15.0
9177,13.0
9178,2.0
9179,0.0
9180,14.0
9181,0.0
9182,15.0
9183,9.0
9184,4.0
9185,15.0
9186,5.0
9187,1.0
9188,1.0
9189,0.0
9190,1.0
9191,4.0
9192,0.0
9193,4.0
9194,4.0
9195,3.0
9196,0.0
9197,0.0
9198,15.0
9199,9.0
9200,7.0
9201,4.0
9202,7.0
9203,15.0
9204,14.0
9205,4.0
9206,4.0
9207,3.0
9208,14.0
9209,14.0
9210,8.0
9211,14.0
9212,0.0
9213,14.0
9214,0.0
9215,15.0
9216,4.0
9217,14.0
9218,13.0
9219,12.0
9220,10.0
9221,0.0
9222,13.0
9223,8.0
9224,0.0
9225,14.0
9226,14.0
9227,4.0
9228,15.0
9229,0.0
9230,12.0
9231,5.0
9232,10.0
9233,8.0
9234,0.0
9235,10.0
9236,1.0
9237,13.0
9238,0.0
9239,4.0
9240,0.0
9241,0.0
9242,13.0
9243,5.0
9244,13.0
9245,10.0
9246,5.0
9247,0.0
9248,14.0
9249,0.0
9250,12.0
9251,2.0
9252,13.0
9253,13.0
9254,15.0
9255,4.0
9256,13.0
9257,0.0
9258,0.0
9259,1.0
9260,15.0
9261,13.0
9262,2.0
9263,9.0
9264,12.0
9265,5.0
9266,0.0
9267,8.0
9268,14.0
9269,2.0
9270,14.0
9271,0.0
9272,14.0
9273,5.0
9274,12.0
9275,0.0
9276,4.0
9277,14.0
9278,0.0
9279,12.0
9280,11.0
9281,0.0
9282,2.0
9283,10.0
9284,3.0
9285,5.0
9286,4.0
9287,4.0
9288,7.0
9289,14.0
9290,12.0
9291,15.0
9292,15.0
9293,13.0
9294,5.0
9295,12.0
9296,10.0
9297,5.0
9298,14.0
9299,10.0
9300,0.0
9301,3.0
9302,8.0
9303,0.0
9304,9.0
9305,5.0
9306,9.0
9307,4.0
9308,2.0
9309,0.0
9310,9.0
9311,9.0
9312,0.0
9313,4.0
9314,0.0
9315,15.0
9316,4.0
9317,15.0
9318,12.0
9319,8.0
9320,15.0
9321,15.0
9322,13.0
9323,0.0
9324,12.0
9325,4.0
9326,3.0
9327,5.0
9328,1.0
9329,0.0
9330,2.0
9331,0.0
9332,4.0
9333,5.0
9334,13.0
9335,4.0
9336,10.0
9337,14.0
9338,0.0
9339,13.0
9340,3.0
9341,0.0
9342,4.0
9343,15.0
9344,14.0
9345,0.0
9346,9.0
9347,15.0
9348,2.0
9349,14.0
9350,5.0
9351,0.0
9352,12.0
9353,4.0
9354,0.0
9355,12.0
9356,15.0
9357,11.0
9358,2.0
9359,4.0
9360,13.0
9361,4.0
9362,4.0
9363,4.0
9364,4.0
9365,0.0
9366,14.0
9367,2.0
9368,14.0
9369,12.0
9370,0.0
9371,15.0
9372,10.0
9373,0.0
9374,5.0
9375,13.0
9376,0.0
9377,3.0
9378,15.0
9379,14.0
9380,0.0
9381,4.0
9382,2.0
9383,14.0
9384,5.0
9385,5.0
9386,5.0
9387,0.0
9388,5.0
9389,0.0
9390,3.0
9391,0.0
9392,4.0
9393,8.0
9394,5.0
9395,2.0
9396,1.0
9397,0.0
9398,0.0
9399,9.0
9400,0.0
9401,7.0
9402,14.0
9403,12.0
9404,14.0
9405,0.0
9406,15.0
9407,4.0
9408,5.0
9409,10.0
9410,2.0
9411,13.0
9412,4.0
9413,9.0
9414,14.0
9415,9.0
9416,8.0
9417,0.0
9418,12.0
9419,13.0
9420,0.0
9421,10.0
9422,0.0
9423,2.0
9424,14.0
9425,14.0
9426,14.0
9427,12.0
9428,5.0
9429,0.0
9430,5.0
9431,8.0
9432,0.0
9433,14.0
9434,5.0
9435,0.0
9436,13.0
9437,15.0
9438,0.0
9439,0.0
9440,0.0
9441,0.0
9442,13.0
9443,14.0
9444,5.0
9445,2.0
9446,2.0
9447,2.0
9448,15.0
9449,13.0
9450,5.0
9451,4.0
9452,15.0
9453,12.0
9454,4.0
9455,7.0
9456,1.0
9457,15.0
9458,0.0
9459,8.0
9460,0.0
9461,0.0
9462,0.0
9463,5.0
9464,10.0
9465,0.0
9466,4.0
9467,9.0
9468,5.0
9469,4.0
9470,4.0
9471,5.0
9472,4.0
9473,10.0
9474,10.0
9475,1.0
9476,4.0
9477,9.0
9478,4.0
9479,0.0
9480,0.0
9481,10.0
9482,10.0
9483,0.0
9484,4.0
9485,4.0
9486,0.0
9487,1.0
9488,0.0
9489,0.0
9490,3.0
9491,4.0
9492,0.0
9493,0.0
9494,14.0
9495,0.0
9496,5.0
9497,4.0
9498,9.0
9499,4.0
9500,0.0
9501,0.0
9502,4.0
9503,0.0
9504,0.0
9505,8.0
9506,9.0
9507,0.0
9508,1.0
9509,14.0
9510,12.0
9511,4.0
9512,5.0
9513,0.0
9514,10.0
9515,10.0
9516,15.0
9517,15.0
9518,6.0
9519,4.0
9520,4.0
9521,0.0
9522,14.0
9523,2.0
9524,9.0
9525,7.0
9526,0.0
9527,3.0
9528,10.0
9529,3.0
9530,0.0
9531,0.0
9532,0.0
9533,1.0
9534,4.0
9535,7.0
9536,4.0
9537,3.0
9538,0.0
9539,9.0
9540,0.0
9541,0.0
9542,15.0
9543,15.0
9544,4.0
9545,13.0
9546,0.0
9547,9.0
9548,0.0
9549,10.0
9550,5.0
9551,5.0
9552,9.0
9553,4.0
9554,0.0
9555,12.0
9556,1.0
9557,4.0
9558,2.0
9559,0.0
9560,5.0
9561,5.0
9562,3.0
9563,9.0
9564,12.0
9565,14.0
9566,4.0
9567,0.0
9568,6.0
9569,0.0
9570,14.0
9571,7.0
9572,0.0
9573,13.0
9574,12.0
9575,4.0
9576,9.0
9577,0.0
9578,15.0
9579,4.0
9580,12.0
9581,9.0
9582,8.0
9583,5.0
9584,9.0
9585,4.0
9586,4.0
9587,9.0
9588,10.0
9589,9.0
9590,0.0
9591,4.0
9592,0.0
9593,15.0
9594,5.0
9595,0.0
9596,15.0
9597,12.0
9598,13.0
9599,8.0
9600,0.0
9601,14.0
9602,4.0
9603,13.0
9604,0.0
9605,15.0
9606,12.0
9607,0.0
9608,0.0
9609,4.0
9610,15.0
9611,0.0
9612,14.0
9613,10.0
9614,11.0
9615,3.0
9616,15.0
9617,0.0
9618,8.0
9619,14.0
9620,5.0
9621,0.0
9622,0.0
9623,0.0
9624,0.0
9625,5.0
9626,12.0
9627,13.0
9628,5.0
9629,12.0
9630,0.0
9631,2.0
9632,8.0
9633,9.0
9634,15.0
9635,15.0
9636,0.0
9637,2.0
9638,12.0
9639,15.0
9640,0.0
9641,6.0
9642,0.0
9643,14.0
9644,10.0
9645,0.0
9646,13.0
9647,0.0
9648,0.0
9649,3.0
9650,4.0
9651,14.0
9652,0.0
9653,0.0
9654,15.0
9655,4.0
9656,10.0
9657,4.0
9658,11.0
9659,9.0
9660,10.0
9661,0.0
9662,10.0
9663,10.0
9664,9.0
9665,4.0
9666,13.0
9667,10.0
9668,0.0
9669,1.0
9670,15.0
9671,5.0
9672,13.0
9673,4.0
9674,0.0
9675,0.0
9676,0.0
9677,14.0
9678,0.0
9679,9.0
9680,9.0
9681,8.0
9682,5.0
9683,4.0
9684,0.0
9685,13.0
9686,8.0
9687,4.0
9688,9.0
9689,0.0
9690,5.0
9691,4.0
9692,9.0
9693,10.0
9694,0.0
9695,0.0
9696,0.0
9697,14.0
9698,1.0
9699,2.0
9700,0.0
9701,14.0
9702,9.0
9703,5.0
9704,0.0
9705,12.0
9706,10.0
9707,9.0
9708,14.0
9709,0.0
9710,4.0
9711,8.0
9712,4.0
9713,10.0
9714,4.0
9715,8.0
9716,4.0
9717,3.0
9718,13.0
9719,12.0
9720,5.0
9721,9.0
9722,7.0
9723,0.0
9724,14.0
9725,3.0
9726,8.0
9727,8.0
9728,0.0
9729,10.0
9730,15.0
9731,13.0
9732,15.0
9733,15.0
9734,0.0
9735,12.0
9736,14.0
9737,0.0
9738,8.0
9739,0.0
9740,13.0
9741,0.0
9742,0.0
9743,5.0
9744,0.0
9745,0.0
9746,14.0
9747,8.0
9748,10.0
9749,6.0
9750,0.0
9751,9.0
9752,14.0
9753,15.0
9754,9.0
9755,5.0
9756,12.0
9757,14.0
9758,13.0
9759,1.0
9760,12.0
9761,14.0
9762,15.0
9763,0.0
9764,0.0
9765,2.0
9766,5.0
9767,4.0
9768,4.0
9769,4.0
9770,1.0
9771,0.0
9772,10.0
9773,1.0
9774,0.0
9775,14.0
9776,0.0
9777,15.0
9778,0.0
9779,14.0
9780,2.0
9781,0.0
9782,5.0
9783,0.0
9784,4.0
9785,10.0
9786,12.0
9787,1.0
9788,12.0
9789,14.0
9790,4.0
9791,14.0
9792,4.0
9793,4.0
9794,8.0
9795,8.0
9796,14.0
9797,9.0
9798,3.0
9799,2.0
9800,8.0
9801,8.0
9802,10.0
9803,10.0
9804,10.0
9805,15.0
9806,14.0
9807,15.0
9808,0.0
9809,15.0
9810,9.0
9811,15.0
9812,9.0
9813,2.0
9814,14.0
9815,4.0
9816,14.0
9817,3.0
9818,12.0
9819,13.0
9820,4.0
9821,14.0
9822,0.0
9823,15.0
9824,14.0
9825,0.0
9826,4.0
9827,0.0
9828,13.0
9829,5.0
9830,4.0
9831,13.0
9832,14.0
9833,5.0
9834,2.0
9835,8.0
9836,9.0
9837,0.0
9838,4.0
9839,14.0
9840,9.0
9841,5.0
9842,7.0
9843,4.0
9844,0.0
9845,0.0
9846,7.0
9847,14.0
9848,0.0
9849,2.0
9850,14.0
9851,2.0
9852,4.0
9853,3.0
9854,9.0
9855,5.0
9856,9.0
9857,10.0
9858,4.0
9859,0.0
9860,0.0
9861,10.0
9862,0.0
9863,13.0
9864,14.0
9865,12.0
9866,0.0
9867,12.0
9868,8.0
9869,0.0
9870,8.0
9871,13.0
9872,12.0
9873,0.0
9874,2.0
9875,9.0
9876,0.0
9877,9.0
9878,13.0
9879,4.0
9880,7.0
9881,1.0
9882,15.0
9883,0.0
9884,10.0
9885,0.0
9886,9.0
9887,15.0
9888,15.0
9889,5.0
9890,2.0
9891,4.0
9892,0.0
9893,13.0
9894,12.0
9895,0.0
9896,13.0
9897,2.0
9898,13.0
9899,13.0
9900,15.0
9901,8.0
9902,15.0
9903,9.0
9904,10.0
9905,2.0
9906,10.0
9907,12.0
9908,8.0
9909,12.0
9910,15.0
9911,8.0
9912,5.0
9913,5.0
9914,4.0
9915,0.0
9916,4.0
9917,14.0
9918,8.0
9919,14.0
9920,9.0
9921,12.0
9922,0.0
9923,9.0
9924,13.0
9925,12.0
9926,5.0
9927,0.0
9928,1.0
9929,12.0
9930,0.0
9931,10.0
9932,5.0
9933,14.0
9934,0.0
9935,7.0
9936,9.0
9937,15.0
9938,15.0
9939,14.0
9940,15.0
9941,0.0
9942,2.0
9943,10.0
9944,0.0
9945,0.0
9946,0.0
9947,15.0
9948,7.0
9949,10.0
9950,5.0
9951,3.0
9952,4.0
9953,15.0
9954,15.0
9955,15.0
9956,0.0
9957,13.0
9958,4.0
9959,0.0
9960,0.0
9961,14.0
9962,12.0
9963,0.0
9964,5.0
9965,0.0
9966,14.0
9967,10.0
9968,9.0
9969,14.0
9970,15.0
9971,4.0
9972,15.0
9973,7.0
9974,3.0
9975,12.0
9976,0.0
9977,4.0
9978,0.0
9979,13.0
9980,15.0
9981,4.0
9982,12.0
9983,2.0
9984,7.0
9985,8.0
9986,13.0
9987,12.0
9988,12.0
9989,12.0
9990,0.0
9991,14.0
9992,12.0
9993,4.0
9994,15.0
9995,10.0
9996,4.0
9997,13.0
9998,5.0
9999,10.0
10000,5.0
